Date,Open,High,Low,Close,Adj Close,Volume
2017-01-02,5.15984,5.19834,5.1336,5.15974,5.15974,0.0
2017-01-03,5.17746,5.20604,5.16605,5.17695,5.17695,0.0
2017-01-04,5.15349,5.16864,5.1178,5.14884,5.14884,0.0
2017-01-05,5.12646,5.13624,5.0972,5.12493,5.12493,0.0
2017-01-06,5.10934,5.11142,5.07715,5.10944,5.10944,0.0
2017-01-09,5.06794,5.07034,5.03514,5.06794,5.06794,0.0
2017-01-10,5.03344,5.03344,4.99334,5.03244,5.03244,0.0
2017-01-11,5.03994,5.05502,5.02004,5.03513,5.03513,0.0
2017-01-12,5.03324,5.05627,5.00999,5.03424,5.03424,0.0
2017-01-13,5.00614,5.02404,4.98408,5.00554,5.00554,0.0
2017-01-16,4.96244,4.9955,4.94994,4.96414,4.96414,0.0
2017-01-17,4.96412,5.06044,4.96081,4.96452,4.96452,0.0
2017-01-18,5.04958,5.05074,5.02054,5.04881,5.04881,0.0
2017-01-19,5.02817,5.07322,5.02275,5.02811,5.02811,0.0
2017-01-20,5.05953,5.06166,5.03631,5.05794,5.05794,0.0
2017-01-23,5.04926,5.08519,5.04194,5.0488,5.0488,0.0
2017-01-24,5.0879,5.09753,5.05395,5.08773,5.08773,0.0
2017-01-25,5.10117,5.11594,5.0908,5.09997,5.09997,0.0
2017-01-26,5.11421,5.14112,5.085,5.11422,5.11422,0.0
2017-01-27,5.12007,5.12775,5.07608,5.1198,5.1198,0.0
2017-01-30,5.08702,5.0985,5.06563,5.08884,5.08884,0.0
2017-01-31,5.05784,5.07383,5.01421,5.05796,5.05796,0.0
2017-02-01,5.03508,5.08511,5.02928,5.03544,5.03544,0.0
2017-02-02,5.06066,5.0645,4.99314,5.05599,5.05599,0.0
2017-02-03,5.01751,5.02691,4.9697,5.01844,5.01844,0.0
2017-02-06,4.97494,4.99112,4.96362,4.97407,4.97407,0.0
2017-02-07,4.98226,4.99977,4.95105,4.98164,4.98164,0.0
2017-02-08,5.03886,5.06704,5.03289,5.03861,5.03861,0.0
2017-02-09,5.04918,5.08309,5.04586,5.05005,5.05005,0.0
2017-02-10,5.05383,5.06463,5.02595,5.05444,5.05444,0.0
2017-02-13,5.04594,5.09173,5.0445,5.04664,5.04664,0.0
2017-02-14,5.09244,5.09526,5.03611,5.09102,5.09102,0.0
2017-02-15,5.06894,5.08273,5.04442,5.07021,5.07021,0.0
2017-02-16,5.0661,5.08078,5.05509,5.06654,5.06654,0.0
2017-02-17,5.04859,5.06827,5.03784,5.04958,5.04958,0.0
2017-02-20,5.06009,5.08263,5.05734,5.06184,5.06184,0.0
2017-02-21,5.07224,5.09093,5.06779,5.07164,5.07164,0.0
2017-02-22,5.08499,5.11004,5.08233,5.08644,5.08644,0.0
2017-02-23,5.07194,5.09947,5.04561,5.07165,5.07165,0.0
2017-02-24,5.10064,5.10772,5.0838,5.10094,5.10094,0.0
2017-02-27,5.06844,5.07651,5.04819,5.06704,5.06704,0.0
2017-02-28,5.06557,5.07349,5.04902,5.06554,5.06554,0.0
2017-03-01,5.04123,5.05046,5.00561,5.04111,5.04111,0.0
2017-03-02,4.98374,5.02647,4.98198,4.98366,4.98366,0.0
2017-03-03,5.01769,5.02081,4.96636,5.01809,5.01809,0.0
2017-03-06,4.97777,4.9986,4.96765,4.98084,4.98084,0.0
2017-03-07,4.98057,4.98437,4.95873,4.98229,4.98229,0.0
2017-03-08,4.968,4.97597,4.95649,4.96824,4.96824,0.0
2017-03-09,4.97228,4.98358,4.95496,4.97159,4.97159,0.0
2017-03-10,4.96792,4.96974,4.93777,4.96599,4.96599,0.0
2017-03-13,4.93349,4.98013,4.93144,4.9333,4.9333,0.0
2017-03-14,4.96174,4.96194,4.92785,4.96084,4.96084,0.0
2017-03-15,4.9446,4.97314,4.94138,4.94385,4.94385,0.0
2017-03-16,4.93158,4.95975,4.91831,4.9319,4.9319,0.0
2017-03-17,4.93912,4.95313,4.9281,4.93837,4.93837,0.0
2017-03-20,4.9368,4.94772,4.91598,4.9374,4.9374,0.0
2017-03-21,4.90946,4.93887,4.89444,4.90969,4.90969,0.0
2017-03-22,4.93746,4.95674,4.92184,4.93733,4.93733,0.0
2017-03-23,4.94508,4.96641,4.94068,4.94573,4.94573,0.0
2017-03-24,4.94943,4.94979,4.91823,4.94944,4.94944,0.0
2017-03-27,4.91805,4.93968,4.90635,4.9182,4.9182,0.0
2017-03-28,4.90884,4.93142,4.87536,4.90885,4.90885,0.0
2017-03-29,4.86775,4.91216,4.85428,4.86797,4.86797,0.0
2017-03-30,4.88314,4.91919,4.87501,4.88419,4.88419,0.0
2017-03-31,4.91483,4.96593,4.90954,4.91537,4.91537,0.0
2017-04-03,4.97023,4.97915,4.94892,4.96949,4.96949,0.0
2017-04-04,4.95531,4.9828,4.93414,4.95565,4.95565,0.0
2017-04-05,4.94859,4.96794,4.94441,4.94649,4.94649,0.0
2017-04-06,4.94874,4.97638,4.93192,4.94927,4.94927,0.0
2017-04-07,4.95546,4.95884,4.92248,4.95494,4.95494,0.0
2017-04-10,4.93638,4.96809,4.93314,4.93324,4.93324,0.0
2017-04-11,4.96175,4.9988,4.96034,4.96164,4.96164,0.0
2017-04-12,5.00014,5.0091,4.98955,5.00015,5.00015,0.0
2017-04-13,4.99473,5.00739,4.99304,4.99479,4.99479,0.0
2017-04-14,5.00024,5.00924,4.98864,5.00024,5.00024,0.0
2017-04-17,5.00261,5.0244,4.99556,5.00183,5.00183,0.0
2017-04-18,5.0087,5.05163,4.97684,5.00846,5.00846,0.0
2017-04-19,5.06261,5.08693,5.05794,5.06247,5.06247,0.0
2017-04-20,5.07524,5.09457,5.06294,5.07684,5.07684,0.0
2017-04-21,5.09244,5.12051,5.08709,5.09291,5.09291,0.0
2017-04-24,5.01989,5.02824,4.97623,5.01954,5.01954,0.0
2017-04-25,4.99033,4.99787,4.95321,4.99031,4.99031,0.0
2017-04-26,4.95478,4.99605,4.94884,4.95478,4.95478,0.0
2017-04-27,4.97544,5.01504,4.9703,4.97479,4.97479,0.0
2017-04-28,5.00544,5.0205,4.98537,5.00683,5.00683,0.0
2017-05-01,5.00727,5.01424,4.98136,5.00681,5.00681,0.0
2017-05-02,4.99115,4.99664,4.97074,4.99124,4.99124,0.0
2017-05-03,4.96934,4.98594,4.95422,4.96847,4.96847,0.0
2017-05-04,4.96904,4.98414,4.95454,4.96817,4.96817,0.0
2017-05-05,4.97611,4.98784,4.95091,4.97592,4.97592,0.0
2017-05-08,4.96954,5.00357,4.94464,4.96963,4.96963,0.0
2017-05-09,5.00924,5.02819,4.99974,5.00954,5.00954,0.0
2017-05-10,5.03254,5.03963,5.0137,5.03322,5.03322,0.0
2017-05-11,5.00674,5.02021,4.99031,5.00674,5.00674,0.0
2017-05-12,5.00954,5.01161,4.96896,5.01034,5.01034,0.0
2017-05-15,4.96182,4.97894,4.93323,4.96114,4.96114,0.0
2017-05-16,4.92671,4.93364,4.87962,4.92929,4.92929,0.0
2017-05-17,4.85354,4.89479,4.84504,4.85461,4.85461,0.0
2017-05-18,4.87594,4.95624,4.86864,4.87494,4.87494,0.0
2017-05-19,4.91363,4.91919,4.88224,4.91452,4.91452,0.0
2017-05-22,4.8654,4.87776,4.83876,4.86594,4.86594,0.0
2017-05-23,4.85064,4.87267,4.8354,4.85176,4.85176,0.0
2017-05-24,4.86913,4.87992,4.83253,4.86959,4.86959,0.0
2017-05-25,4.82184,4.83618,4.80684,4.82376,4.82376,0.0
2017-05-26,4.81337,4.81339,4.77629,4.81388,4.81388,0.0
2017-05-29,4.79159,4.81025,4.78494,4.79134,4.79134,0.0
2017-05-30,4.80696,4.83264,4.79339,4.8076,4.8076,0.0
2017-05-31,4.78424,4.80821,4.76745,4.78421,4.78421,0.0
2017-06-01,4.78684,4.82733,4.77516,4.78505,4.78505,0.0
2017-06-02,4.81719,4.82017,4.76994,4.81734,4.81734,0.0
2017-06-05,4.77174,4.81865,4.76764,4.77074,4.77074,0.0
2017-06-06,4.79771,4.82543,4.79174,4.798,4.798,0.0
2017-06-07,4.8021,4.83671,4.79684,4.80191,4.80191,0.0
2017-06-08,4.84401,4.85237,4.8311,4.84389,4.84389,0.0
2017-06-09,4.77597,4.79984,4.74736,4.77474,4.77474,0.0
2017-06-12,4.76084,4.7654,4.72411,4.75895,4.75895,0.0
2017-06-13,4.74117,4.77079,4.73469,4.7422,4.7422,0.0
2017-06-14,4.76664,4.78545,4.74459,4.76478,4.76478,0.0
2017-06-15,4.77274,4.85309,4.7622,4.7732,4.7732,0.0
2017-06-16,4.83932,4.84894,4.80321,4.83983,4.83983,0.0
2017-06-19,4.79837,4.82595,4.7892,4.79751,4.79751,0.0
2017-06-20,4.81674,4.82794,4.7783,4.81286,4.81286,0.0
2017-06-21,4.81587,4.83871,4.79122,4.81536,4.81536,0.0
2017-06-22,4.82703,4.83735,4.80096,4.82758,4.82758,0.0
2017-06-23,4.81281,4.83378,4.79887,4.81229,4.81229,0.0
2017-06-26,4.80351,4.81391,4.77461,4.8035,4.8035,0.0
2017-06-27,4.78064,4.79352,4.76406,4.77888,4.77888,0.0
2017-06-28,4.78674,4.83761,4.75289,4.78637,4.78637,0.0
2017-06-29,4.81244,4.83463,4.80303,4.81265,4.81265,0.0
2017-06-30,4.82155,4.83205,4.79187,4.82114,4.82114,0.0
2017-07-03,4.81639,4.83851,4.81429,4.81761,4.81761,0.0
2017-07-04,4.8347,4.84312,4.82145,4.83664,4.83664,0.0
2017-07-05,4.82284,4.85094,4.81534,4.82339,4.82339,0.0
2017-07-06,4.81954,4.84624,4.80701,4.81921,4.81921,0.0
2017-07-07,4.81099,4.81721,4.77331,4.81074,4.81074,0.0
2017-07-10,4.78911,4.79782,4.7747,4.78856,4.78856,0.0
2017-07-12,4.74673,4.78589,4.73074,4.74845,4.74845,0.0
2017-07-13,4.77515,4.80474,4.76494,4.77484,4.77484,0.0
2017-07-14,4.79394,4.80785,4.78104,4.79429,4.79429,0.0
2017-07-17,4.80205,4.81124,4.78214,4.80294,4.80294,0.0
2017-07-18,4.77864,4.78304,4.71556,4.77784,4.77784,0.0
2017-07-19,4.73784,4.77266,4.73546,4.73926,4.73926,0.0
2017-07-20,4.75308,4.76364,4.69027,4.75289,4.75289,0.0
2017-07-21,4.69828,4.74484,4.68716,4.698,4.698,0.0
2017-07-24,4.74844,4.76292,4.72929,4.74771,4.74771,0.0
2017-07-25,4.76945,4.77144,4.74466,4.77086,4.77086,0.0
2017-07-26,4.76734,4.78124,4.75551,4.76914,4.76914,0.0
2017-07-27,4.74705,4.78544,4.74594,4.74825,4.74825,0.0
2017-07-28,4.75007,4.76555,4.74084,4.75114,4.75114,0.0
2017-07-31,4.75768,4.76454,4.74263,4.75945,4.75945,0.0
2017-08-01,4.74583,4.76805,4.74474,4.74507,4.74507,0.0
2017-08-02,4.7589,4.76184,4.74255,4.75744,4.75744,0.0
2017-08-03,4.74708,4.76494,4.69234,4.74995,4.74995,0.0
2017-08-04,4.69055,4.70744,4.68258,4.68944,4.68944,0.0
2017-08-07,4.70015,4.70597,4.68686,4.69637,4.69637,0.0
2017-08-08,4.6959,4.71111,4.68412,4.69614,4.69614,0.0
2017-08-09,4.70995,4.73497,4.70616,4.70858,4.70858,0.0
2017-08-10,4.72065,4.74245,4.71673,4.72175,4.72175,0.0
2017-08-11,4.71894,4.73405,4.69995,4.71895,4.71895,0.0
2017-08-14,4.71847,4.72221,4.7015,4.71834,4.71834,0.0
2017-08-15,4.71721,4.73066,4.67596,4.71824,4.71824,0.0
2017-08-16,4.70004,4.70625,4.68056,4.69833,4.69833,0.0
2017-08-17,4.67068,4.69894,4.66611,4.67144,4.67144,0.0
2017-08-18,4.68556,4.70589,4.67467,4.68938,4.68938,0.0
2017-08-21,4.68244,4.69222,4.66265,4.68203,4.68203,0.0
2017-08-22,4.66952,4.67174,4.65814,4.66844,4.66844,0.0
2017-08-23,4.65763,4.66775,4.6364,4.65684,4.65684,0.0
2017-08-24,4.63732,4.65634,4.62085,4.63994,4.63994,0.0
2017-08-25,4.62144,4.63044,4.6028,4.62194,4.62194,0.0
2017-08-28,4.59022,4.61469,4.58006,4.58979,4.58979,0.0
2017-08-29,4.59447,4.59954,4.57926,4.59515,4.59515,0.0
2017-08-30,4.59145,4.62245,4.58834,4.59145,4.59145,0.0
2017-08-31,4.62045,4.63225,4.59871,4.62068,4.62068,0.0
2017-09-01,4.61095,4.64953,4.59689,4.61134,4.61134,0.0
2017-09-04,4.63804,4.64014,4.60452,4.63796,4.63796,0.0
2017-09-05,4.60594,4.63525,4.60156,4.60664,4.60664,0.0
2017-09-06,4.62834,4.6557,4.62204,4.62724,4.62724,0.0
2017-09-07,4.64586,4.65095,4.61734,4.64592,4.64592,0.0
2017-09-08,4.62557,4.66364,4.61594,4.62514,4.62514,0.0
2017-09-11,4.65658,4.68376,4.64696,4.6566,4.6566,0.0
2017-09-12,4.67274,4.74455,4.67195,4.67315,4.67315,0.0
2017-09-13,4.72389,4.76195,4.72014,4.72324,4.72324,0.0
2017-09-14,4.75575,4.82865,4.74396,4.75537,4.75537,0.0
2017-09-15,4.80503,4.87154,4.80356,4.80754,4.80754,0.0
2017-09-18,4.86192,4.87065,4.84157,4.86076,4.86076,0.0
2017-09-19,4.85079,4.85595,4.819,4.85189,4.85189,0.0
2017-09-20,4.82236,4.84226,4.81364,4.82305,4.82305,0.0
2017-09-21,4.85834,4.86564,4.83967,4.85845,4.85845,0.0
2017-09-22,4.86095,4.86095,4.80507,4.85995,4.85995,0.0
2017-09-25,4.83408,4.86445,4.83224,4.83383,4.83383,0.0
2017-09-26,4.85548,4.89724,4.85455,4.85571,4.85571,0.0
2017-09-27,4.88804,4.93397,4.87538,4.88718,4.88718,0.0
2017-09-28,4.92882,4.93862,4.88955,4.92954,4.92954,0.0
2017-09-29,4.91877,4.91882,4.85863,4.91794,4.91794,0.0
2017-10-02,4.89141,4.91045,4.85952,4.91045,4.91045,0.0
2017-10-03,4.87304,4.91045,4.85093,4.87404,4.87404,0.0
2017-10-04,4.86143,4.86844,4.83741,4.86118,4.86118,0.0
2017-10-05,4.84139,4.84534,4.81259,4.83482,4.83482,0.0
2017-10-06,4.81397,4.81874,4.79276,4.81522,4.81522,0.0
2017-10-09,4.80188,4.83675,4.80119,4.80324,4.80324,0.0
2017-10-10,4.8111,4.81664,4.78679,4.8118,4.8118,0.0
2017-10-11,4.80084,4.80184,4.75443,4.80062,4.80062,0.0
2017-10-12,4.76282,4.77384,4.73104,4.76277,4.76277,0.0
2017-10-13,4.78434,4.79908,4.76532,4.78434,4.78434,0.0
2017-10-16,4.77874,4.79518,4.75311,4.78177,4.78177,0.0
2017-10-17,4.75698,4.7774,4.73086,4.75567,4.75567,0.0
2017-10-18,4.7457,4.74992,4.72396,4.74358,4.74358,0.0
2017-10-19,4.74244,4.74327,4.70867,4.74207,4.74207,0.0
2017-10-20,4.69715,4.74394,4.69254,4.69704,4.69704,0.0
2017-10-23,4.748,4.76074,4.73493,4.74833,4.74833,0.0
2017-10-24,4.7468,4.75555,4.73027,4.74787,4.74787,0.0
2017-10-25,4.73844,4.76697,4.72808,4.73874,4.73874,0.0
2017-10-26,4.76124,4.78898,4.74074,4.762,4.762,0.0
2017-10-27,4.79614,4.80816,4.77673,4.79694,4.79694,0.0
2017-10-30,4.80249,4.82283,4.79291,4.80276,4.80276,0.0
2017-10-31,4.81817,4.83622,4.81012,4.81763,4.81763,0.0
2017-11-01,4.83354,4.84644,4.82244,4.8343,4.8343,0.0
2017-11-02,4.82369,4.82757,4.7375,4.82338,4.82338,0.0
2017-11-03,4.73944,4.78093,4.73794,4.73834,4.73834,0.0
2017-11-06,4.77716,4.80594,4.77562,4.77733,4.77733,0.0
2017-11-07,4.80634,4.82374,4.79853,4.80594,4.80594,0.0
2017-11-08,4.81618,4.82018,4.77575,4.81695,4.81695,0.0
2017-11-09,4.78948,4.79984,4.76567,4.78979,4.78979,0.0
2017-11-10,4.77348,4.79803,4.76934,4.77361,4.77361,0.0
2017-11-13,4.75034,4.76733,4.74554,4.75101,4.75101,0.0
2017-11-14,4.76278,4.76473,4.72298,4.76288,4.76288,0.0
2017-11-15,4.73927,4.74136,4.71142,4.73764,4.73764,0.0
2017-11-17,4.74664,4.76764,4.73131,4.74692,4.74692,0.0
2017-11-20,4.75903,4.77495,4.75157,4.76044,4.76044,0.0
2017-11-21,4.77131,4.78683,4.74833,4.7705,4.7705,0.0
2017-11-22,4.75827,4.76211,4.73739,4.7585,4.7585,0.0
2017-11-23,4.74544,4.74846,4.7179,4.74594,4.74594,0.0
2017-11-24,4.72404,4.73018,4.69908,4.72425,4.72425,0.0
2017-11-27,4.70114,4.71194,4.68758,4.70194,4.70194,0.0
2017-11-28,4.70859,4.71681,4.67924,4.70814,4.70814,0.0
2017-11-29,4.73928,4.76308,4.73218,4.73924,4.73924,0.0
2017-11-30,4.75384,4.7905,4.75159,4.75425,4.75425,0.0
2017-12-01,4.77851,4.78622,4.75721,4.77699,4.77699,0.0
2017-12-04,4.78504,4.79714,4.75917,4.78524,4.78524,0.0
2017-12-05,4.77531,4.78957,4.73642,4.77684,4.77684,0.0
2017-12-06,4.76974,4.78744,4.76003,4.76994,4.76994,0.0
2017-12-07,4.77709,4.79554,4.75796,4.77773,4.77773,0.0
2017-12-08,4.81861,4.83853,4.76993,4.81755,4.81755,0.0
2017-12-11,4.77241,4.78026,4.75632,4.7721,4.7721,0.0
2017-12-12,4.76014,4.7918,4.75339,4.75814,4.75814,0.0
2017-12-13,4.77114,4.79861,4.76654,4.77166,4.77166,0.0
2017-12-14,4.77811,4.82035,4.77811,4.77814,4.77814,0.0
2017-12-15,4.8159,4.81742,4.75708,4.81663,4.81663,0.0
2017-12-18,4.77454,4.78572,4.76309,4.77005,4.77005,0.0
2017-12-19,4.77305,4.77644,4.73519,4.77474,4.77474,0.0
2017-12-20,4.74951,4.7625,4.7271,4.74621,4.74621,0.0
2017-12-21,4.73224,4.73524,4.71651,4.73274,4.73274,0.0
2017-12-22,4.73571,4.74714,4.72152,4.73439,4.73439,0.0
2017-12-25,4.7056,4.7363,4.7056,4.70575,4.70575,0.0
2017-12-26,4.72174,4.7349,4.716,4.72174,4.72174,0.0
2017-12-27,4.73161,4.73284,4.71261,4.73182,4.73182,0.0
2017-12-28,4.71752,4.72283,4.69583,4.71744,4.71744,0.0
2017-12-29,4.70269,4.71574,4.69447,4.70164,4.70164,0.0
2018-01-01,4.6929,4.6989,4.6929,4.68736,4.68736,0.0
2018-01-02,4.69487,4.69897,4.67365,4.69374,4.69374,0.0
2018-01-03,4.68904,4.71144,4.66736,4.68825,4.68825,0.0
2018-01-04,4.66484,4.67654,4.65399,4.66504,4.66504,0.0
2018-01-05,4.65676,4.68321,4.64837,4.65644,4.65644,0.0
2018-01-08,4.68008,4.7313,4.67618,4.68184,4.68184,0.0
2018-01-09,4.72724,4.74369,4.72369,4.72718,4.72718,0.0
2018-01-10,4.75218,4.7537,4.70957,4.75214,4.75214,0.0
2018-01-11,4.7166,4.71897,4.68617,4.71734,4.71734,0.0
2018-01-12,4.68384,4.70524,4.66834,4.68444,4.68444,0.0
2018-01-15,4.69364,4.70083,4.67471,4.69494,4.69494,0.0
2018-01-16,4.68946,4.71044,4.68698,4.6855,4.6855,0.0
2018-01-17,4.68851,4.71477,4.68302,4.68809,4.68809,0.0
2018-01-18,4.72654,4.72975,4.70944,4.72628,4.72628,0.0
2018-01-19,4.72204,4.7329,4.71385,4.72227,4.72227,0.0
2018-01-22,4.72643,4.75175,4.72514,4.72753,4.72753,0.0
2018-01-23,4.7523,4.76044,4.74011,4.75245,4.75245,0.0
2018-01-24,4.74101,4.77115,4.73825,4.74102,4.74102,0.0
2018-01-25,4.76494,4.77424,4.72339,4.76376,4.76376,0.0
2018-01-26,4.72879,4.74844,4.71036,4.72885,4.72885,0.0
2018-01-29,4.70332,4.72984,4.69831,4.7022,4.7022,0.0
2018-01-30,4.7103,4.7388,4.69484,4.71086,4.71086,0.0
2018-01-31,4.7397,4.74315,4.70494,4.74072,4.74072,0.0
2018-02-01,4.74534,4.76094,4.73652,4.74568,4.74568,0.0
2018-02-02,4.73381,4.7442,4.72114,4.73614,4.73614,0.0
2018-02-05,4.72475,4.72618,4.6723,4.72345,4.72345,0.0
2018-02-06,4.68655,4.70093,4.66793,4.68644,4.68644,0.0
2018-02-07,4.68251,4.70884,4.67263,4.68214,4.68214,0.0
2018-02-08,4.71594,4.77791,4.71248,4.71423,4.71423,0.0
2018-02-09,4.76219,4.77612,4.71144,4.76261,4.76261,0.0
2018-02-12,4.71849,4.72673,4.69123,4.71856,4.71856,0.0
2018-02-13,4.6894,4.71324,4.67925,4.68984,4.68984,0.0
2018-02-14,4.68234,4.69994,4.67387,4.68109,4.68109,0.0
2018-02-15,4.66724,4.68944,4.66172,4.66824,4.66824,0.0
2018-02-16,4.68434,4.70235,4.66958,4.68537,4.68537,0.0
2018-02-19,4.69582,4.69786,4.66422,4.69638,4.69638,0.0
2018-02-20,4.66488,4.70891,4.66061,4.66509,4.66509,0.0
2018-02-21,4.70674,4.73103,4.69051,4.70777,4.70777,0.0
2018-02-22,4.72564,4.73884,4.71326,4.72479,4.72479,0.0
2018-02-23,4.7312,4.74483,4.72187,4.73094,4.73094,0.0
2018-02-26,4.74208,4.75183,4.72527,4.74034,4.74034,0.0
2018-02-27,4.726,4.73611,4.71023,4.72642,4.72642,0.0
2018-02-28,4.74534,4.75797,4.71276,4.74383,4.74383,0.0
2018-03-01,4.70776,4.7356,4.70613,4.70958,4.70958,0.0
2018-03-02,4.69808,4.71227,4.68453,4.69873,4.69873,0.0
2018-03-05,4.69155,4.72126,4.68345,4.69364,4.69364,0.0
2018-03-06,4.69944,4.70504,4.67875,4.6999,4.6999,0.0
2018-03-07,4.6859,4.72262,4.67256,4.68733,4.68733,0.0
2018-03-08,4.71824,4.72587,4.69059,4.71602,4.71602,0.0
2018-03-09,4.71312,4.72972,4.70306,4.71271,4.71271,0.0
2018-03-12,4.71638,4.7464,4.7082,4.71574,4.71574,0.0
2018-03-13,4.73591,4.75668,4.73244,4.73574,4.73574,0.0
2018-03-14,4.74431,4.75904,4.73421,4.74405,4.74405,0.0
2018-03-15,4.74144,4.77147,4.73729,4.74124,4.74124,0.0
2018-03-16,4.77186,4.7839,4.76411,4.76738,4.76738,0.0
2018-03-19,4.78848,4.82059,4.78193,4.78835,4.78835,0.0
2018-03-20,4.7987,4.82874,4.79759,4.79971,4.79971,0.0
2018-03-21,4.8345,4.85914,4.82733,4.83422,4.83422,0.0
2018-03-22,4.83822,4.85835,4.82618,4.83793,4.83793,0.0
2018-03-23,4.8344,4.84972,4.82256,4.83367,4.83367,0.0
2018-03-26,4.8426,4.85138,4.81553,4.84256,4.84256,0.0
2018-03-27,4.82401,4.82613,4.78786,4.82449,4.82449,0.0
2018-03-28,4.80831,4.82165,4.79685,4.80854,4.80854,0.0
2018-03-29,4.80946,4.8132,4.79606,4.80963,4.80963,0.0
2018-03-30,4.79304,4.8043,4.78559,4.79364,4.79364,0.0
2018-04-02,4.79987,4.8093,4.79352,4.80154,4.80154,0.0
2018-04-03,4.80816,4.82074,4.79754,4.80727,4.80727,0.0
2018-04-04,4.80301,4.81804,4.79784,4.80296,4.80296,0.0
2018-04-05,4.81689,4.82474,4.79484,4.81712,4.81712,0.0
2018-04-06,4.79359,4.8218,4.79118,4.79388,4.79388,0.0
2018-04-09,4.81768,4.82707,4.80573,4.81849,4.81849,0.0
2018-04-10,4.80714,4.82854,4.79884,4.80857,4.80857,0.0
2018-04-11,4.80214,4.81734,4.79359,4.80289,4.80289,0.0
2018-04-12,4.79704,4.83314,4.79356,4.79703,4.79703,0.0
2018-04-13,4.82425,4.84204,4.81407,4.82464,4.82464,0.0
2018-04-16,4.81049,4.81977,4.80284,4.81127,4.81127,0.0
2018-04-17,4.80765,4.827,4.80368,4.80712,4.80712,0.0
2018-04-18,4.80834,4.81704,4.77658,4.80812,4.80812,0.0
2018-04-19,4.77421,4.79582,4.76942,4.77424,4.77424,0.0
2018-04-20,4.75027,4.77174,4.7401,4.74924,4.74924,0.0
2018-04-23,4.76254,4.79911,4.76181,4.76143,4.76143,0.0
2018-04-24,4.79554,4.81056,4.79092,4.7958,4.7958,0.0
2018-04-25,4.80992,4.84954,4.80913,4.81046,4.81046,0.0
2018-04-26,4.83744,4.8723,4.83307,4.83754,4.83754,0.0
2018-04-27,4.85761,4.86914,4.79352,4.8578,4.8578,0.0
2018-04-30,4.77848,4.82859,4.77231,4.77897,4.77897,0.0
2018-05-01,4.82806,4.88284,4.82584,4.82959,4.82959,0.0
2018-05-02,4.85074,4.86944,4.81875,4.84994,4.84994,0.0
2018-05-03,4.84701,4.85684,4.82806,4.84834,4.84834,0.0
2018-05-04,4.82776,4.84265,4.80077,4.82714,4.82714,0.0
2018-05-07,4.80274,4.85284,4.80106,4.80313,4.80313,0.0
2018-05-08,4.84234,4.88655,4.83272,4.84154,4.84154,0.0
2018-05-09,4.88749,4.90666,4.868,4.88695,4.88695,0.0
2018-05-10,4.87219,4.87754,4.80254,4.87282,4.87282,0.0
2018-05-11,4.82198,4.8412,4.81986,4.8219,4.8219,0.0
2018-05-14,4.83176,4.84511,4.82495,4.83108,4.83108,0.0
2018-05-15,4.85314,4.89324,4.84646,4.85353,4.85353,0.0
2018-05-16,4.90813,4.91514,4.87963,4.90744,4.90744,0.0
2018-05-17,4.89853,4.92373,4.88833,4.89702,4.89702,0.0
2018-05-18,4.92286,4.92885,4.89903,4.92235,4.92235,0.0
2018-05-21,4.92558,4.92809,4.89511,4.92527,4.92527,0.0
2018-05-22,4.88604,4.89686,4.86274,4.88593,4.88593,0.0
2018-05-23,4.88074,4.93007,4.88074,4.88193,4.88193,0.0
2018-05-24,4.91134,4.92645,4.89201,4.90984,4.90984,0.0
2018-05-25,4.9165,4.93222,4.89304,4.91798,4.91798,0.0
2018-05-28,4.90456,4.92934,4.88569,4.90484,4.90484,0.0
2018-05-29,4.92245,4.95624,4.91956,4.92333,4.92333,0.0
2018-05-30,4.97796,4.98734,4.91369,4.97744,4.97744,0.0
2018-05-31,4.90573,4.92864,4.89513,4.90244,4.90244,0.0
2018-06-01,4.90256,4.93984,4.89042,4.90194,4.90194,0.0
2018-06-04,4.91885,4.92304,4.87741,4.92075,4.92075,0.0
2018-06-05,4.86134,4.91324,4.85801,4.86016,4.86016,0.0
2018-06-06,4.88965,4.89504,4.85797,4.88817,4.88817,0.0
2018-06-07,4.85845,4.86304,4.81815,4.85937,4.85937,0.0
2018-06-08,4.86516,4.89544,4.85904,4.86404,4.86404,0.0
2018-06-11,4.86697,4.86827,4.82785,4.86741,4.86741,0.0
2018-06-12,4.84102,4.8626,4.83661,4.84184,4.84184,0.0
2018-06-13,4.87292,4.87505,4.84268,4.87211,4.87211,0.0
2018-06-14,4.84694,4.90016,4.84504,4.84559,4.84559,0.0
2018-06-15,4.91356,4.91356,4.88966,4.90907,4.90907,0.0
2018-06-18,4.89816,4.909,4.88691,4.89838,4.89838,0.0
2018-06-19,4.90413,4.92571,4.89424,4.90454,4.90454,0.0
2018-06-20,4.89864,4.92134,4.89166,4.89834,4.89834,0.0
2018-06-21,4.90945,4.95434,4.90724,4.90856,4.90856,0.0
2018-06-22,4.9389,4.94453,4.91113,4.93962,4.93962,0.0
2018-06-25,4.91394,4.93568,4.90771,4.91454,4.91454,0.0
2018-06-26,4.92901,4.93168,4.90963,4.9297,4.9297,0.0
2018-06-27,4.92114,4.93349,4.90268,4.92044,4.92044,0.0
2018-06-28,4.93484,4.9476,4.91634,4.93516,4.93516,0.0
2018-06-29,4.9313,4.94744,4.8972,4.93103,4.93103,0.0
2018-07-02,4.93419,4.9819,4.93324,4.93384,4.93384,0.0
2018-07-03,4.9619,4.98318,4.95442,4.96333,4.96333,0.0
2018-07-04,4.97204,4.98585,4.96294,4.97254,4.97254,0.0
2018-07-05,4.97005,4.97123,4.91271,4.96994,4.96994,0.0
2018-07-06,4.9193,4.93486,4.91169,4.91945,4.91945,0.0
2018-07-09,4.92347,4.92456,4.85542,4.92382,4.92382,0.0
2018-07-10,4.85786,4.90208,4.85564,4.85854,4.85854,0.0
2018-07-11,4.87854,4.90623,4.8688,4.87964,4.87964,0.0
2018-07-12,4.90714,4.90799,4.88197,4.90874,4.90874,0.0
2018-07-13,4.87902,4.89007,4.87096,4.87885,4.87885,0.0
2018-07-16,4.88205,4.88554,4.86559,4.88226,4.88226,0.0
2018-07-17,4.86264,4.86934,4.82775,4.86234,4.86234,0.0
2018-07-18,4.82924,4.84585,4.81735,4.82826,4.82826,0.0
2018-07-19,4.83964,4.85739,4.83045,4.83871,4.83871,0.0
2018-07-20,4.84947,4.86253,4.81601,4.84881,4.84881,0.0
2018-07-23,4.83632,4.8584,4.83278,4.83527,4.83527,0.0
2018-07-24,4.8475,4.86324,4.82072,4.8476,4.8476,0.0
2018-07-25,4.83672,4.85388,4.82849,4.8415,4.8415,0.0
2018-07-26,4.82954,4.84044,4.81341,4.8302,4.8302,0.0
2018-07-27,4.8283,4.84,4.78954,4.82858,4.82858,0.0
2018-07-30,4.81683,4.82374,4.78682,4.81664,4.81664,0.0
2018-07-31,4.78872,4.8049,4.78121,4.78848,4.78848,0.0
2018-08-01,4.79532,4.80743,4.78396,4.79543,4.79543,0.0
2018-08-02,4.79414,4.83116,4.78971,4.79507,4.79507,0.0
2018-08-03,4.80333,4.80661,4.77235,4.80319,4.80319,0.0
2018-08-06,4.78627,4.79663,4.7647,4.78252,4.78252,0.0
2018-08-07,4.76498,4.76814,4.743,4.76492,4.76492,0.0
2018-08-08,4.74898,4.74898,4.72316,4.74825,4.74825,0.0
2018-08-09,4.7293,4.76101,4.72132,4.7287,4.7287,0.0
2018-08-10,4.76138,4.80193,4.75705,4.76097,4.76097,0.0
2018-08-13,4.80732,4.83583,4.79244,4.80102,4.80102,0.0
2018-08-14,4.81364,4.8323,4.80226,4.81281,4.81281,0.0
2018-08-15,4.82314,4.86426,4.81584,4.82264,4.82264,0.0
2018-08-16,4.8337,4.83533,4.80478,4.83408,4.83408,0.0
2018-08-17,4.81153,4.82032,4.79057,4.8119,4.8119,0.0
2018-08-20,4.79118,4.81404,4.78969,4.7951,4.7951,0.0
2018-08-21,4.79852,4.8061,4.77819,4.79844,4.79844,0.0
2018-08-22,4.78474,4.78887,4.75262,4.78535,4.78535,0.0
2018-08-23,4.75466,4.77548,4.74903,4.755,4.755,0.0
2018-08-24,4.75909,4.75942,4.72418,4.75953,4.75953,0.0
2018-08-27,4.72054,4.73266,4.70816,4.71968,4.71968,0.0
2018-08-28,4.7113,4.71686,4.69041,4.71226,4.71226,0.0
2018-08-29,4.69787,4.7696,4.69428,4.6987,4.6987,0.0
2018-08-30,4.77073,4.79612,4.76591,4.77118,4.77118,0.0
2018-08-31,4.79357,4.80111,4.77368,4.79458,4.79458,0.0
2018-09-03,4.79105,4.79729,4.74814,4.79107,4.79107,0.0
2018-09-04,4.75434,4.79333,4.75299,4.75397,4.75397,0.0
2018-09-05,4.78263,4.82826,4.77398,4.78244,4.78244,0.0
2018-09-06,4.80014,4.8231,4.79408,4.79969,4.79969,0.0
2018-09-07,4.80652,4.83434,4.7785,4.80597,4.80597,0.0
2018-09-10,4.81974,4.85107,4.8141,4.81961,4.81961,0.0
2018-09-11,4.84409,4.8502,4.82487,4.8434,4.8434,0.0
2018-09-12,4.82954,4.8449,4.81627,4.82954,4.82954,0.0
2018-09-13,4.83177,4.85166,4.81536,4.83194,4.83194,0.0
2018-09-14,4.82525,4.83584,4.81328,4.82474,4.82474,0.0
2018-09-17,4.84064,4.84746,4.82667,4.83894,4.83894,0.0
2018-09-18,4.84169,4.84169,4.82394,4.84147,4.84147,0.0
2018-09-19,4.83178,4.84468,4.81942,4.83242,4.83242,0.0
2018-09-20,4.82332,4.85484,4.82148,4.82366,4.82366,0.0
2018-09-21,4.83259,4.83279,4.78274,4.8327,4.8327,0.0
2018-09-24,4.79424,4.81076,4.78777,4.79394,4.79394,0.0
2018-09-25,4.79504,4.80628,4.78413,4.79494,4.79494,0.0
2018-09-26,4.80057,4.80614,4.78608,4.80073,4.80073,0.0
2018-09-27,4.78724,4.81074,4.78011,4.78794,4.78794,0.0
2018-09-28,4.79715,4.82074,4.78854,4.79614,4.79614,0.0
2018-10-01,4.81004,4.82754,4.79564,4.80863,4.80863,0.0
2018-10-02,4.82735,4.84062,4.81013,4.82748,4.82748,0.0
2018-10-03,4.82644,4.84897,4.80882,4.82456,4.82456,0.0
2018-10-04,4.84784,4.87025,4.84414,4.84714,4.84714,0.0
2018-10-05,4.86724,4.90554,4.86594,4.87081,4.87081,0.0
2018-10-08,4.90114,4.91143,4.8891,4.90114,4.90114,0.0
2018-10-09,4.9144,4.92814,4.91024,4.91528,4.91528,0.0
2018-10-10,4.91974,4.93973,4.9126,4.91966,4.91966,0.0
2018-10-11,4.9466,4.94813,4.91525,4.94636,4.94636,0.0
2018-10-12,4.91365,4.91954,4.88539,4.91494,4.91494,0.0
2018-10-15,4.87144,4.87911,4.85671,4.87271,4.87271,0.0
2018-10-16,4.86994,4.90484,4.86804,4.86974,4.86974,0.0
2018-10-17,4.87906,4.89055,4.87365,4.87999,4.87999,0.0
2018-10-18,4.88583,4.89998,4.87937,4.88626,4.88626,0.0
2018-10-19,4.89199,4.9029,4.86541,4.89163,4.89163,0.0
2018-10-22,4.87421,4.87718,4.84402,4.87612,4.87612,0.0
2018-10-23,4.85281,4.87904,4.8497,4.85261,4.85261,0.0
2018-10-24,4.85966,4.88574,4.85487,4.85998,4.85998,0.0
2018-10-25,4.87198,4.88365,4.84997,4.87208,4.87208,0.0
2018-10-26,4.85654,4.86848,4.8475,4.85832,4.85832,0.0
2018-10-29,4.84924,4.87238,4.84042,4.84993,4.84993,0.0
2018-10-30,4.86615,4.87191,4.84681,4.86612,4.86612,0.0
2018-10-31,4.84988,4.90142,4.84885,4.8504,4.8504,0.0
2018-11-01,4.89714,4.92813,4.89211,4.89805,4.89805,0.0
2018-11-02,4.92505,4.9283,4.90286,4.92695,4.92695,0.0
2018-11-05,4.91185,4.93483,4.9068,4.91209,4.91209,0.0
2018-11-06,4.92506,4.93969,4.91996,4.92464,4.92464,0.0
2018-11-07,4.93105,4.93928,4.90442,4.9314,4.9314,0.0
2018-11-08,4.92185,4.93585,4.90274,4.92101,4.92101,0.0
2018-11-09,4.91666,4.93029,4.9101,4.91696,4.91696,0.0
2018-11-12,4.89858,4.92619,4.88588,4.89865,4.89865,0.0
2018-11-13,4.92899,4.95649,4.91552,4.92807,4.92807,0.0
2018-11-14,4.93751,4.94856,4.908,4.93743,4.93743,0.0
2018-11-15,4.92855,4.9313,4.82655,4.92783,4.92783,0.0
2018-11-16,4.83021,4.8862,4.82934,4.82848,4.82848,0.0
2018-11-19,4.85099,4.87317,4.84226,4.8524,4.8524,0.0
2018-11-20,4.85699,4.87108,4.84033,4.8578,4.8578,0.0
2018-11-21,4.84574,4.84904,4.81621,4.84652,4.84652,0.0
2018-11-22,4.82568,4.86156,4.81805,4.82633,4.82633,0.0
2018-11-23,4.8466,4.8611,4.83288,4.8452,4.8452,0.0
2018-11-26,4.84916,4.85813,4.83376,4.84949,4.84949,0.0
2018-11-27,4.85527,4.85866,4.8266,4.85613,4.85613,0.0
2018-11-28,4.84108,4.87104,4.83996,4.84041,4.84041,0.0
2018-11-29,4.83398,4.83714,4.8066,4.83364,4.83364,0.0
2018-11-30,4.8091,4.84066,4.80517,4.80893,4.80893,0.0
2018-12-03,4.81947,4.82745,4.79457,4.81998,4.81998,0.0
2018-12-04,4.79244,4.81695,4.77871,4.79211,4.79211,0.0
2018-12-05,4.79879,4.82558,4.79407,4.79927,4.79927,0.0
2018-12-06,4.80095,4.82466,4.79503,4.8018,4.8018,0.0
2018-12-07,4.807,4.81947,4.79336,4.80721,4.80721,0.0
2018-12-10,4.78611,4.78774,4.72343,4.78589,4.78589,0.0
2018-12-11,4.74875,4.77243,4.74428,4.74858,4.74858,0.0
2018-12-12,4.74248,4.78414,4.74056,4.74304,4.74304,0.0
2018-12-13,4.76233,4.79217,4.7595,4.76341,4.76341,0.0
2018-12-14,4.78226,4.79718,4.76942,4.78063,4.78063,0.0
2018-12-17,4.77372,4.77572,4.75479,4.77414,4.77414,0.0
2018-12-18,4.75886,4.77808,4.75436,4.75757,4.75757,0.0
2018-12-19,4.76453,4.76615,4.73538,4.76628,4.76628,0.0
2018-12-20,4.75338,4.75989,4.73357,4.7547,4.7547,0.0
2018-12-21,4.73415,4.77505,4.73009,4.73418,4.73418,0.0
2018-12-24,4.76923,4.77297,4.74885,4.76521,4.76521,0.0
2018-12-25,4.7581,4.803,4.74837,4.7581,4.7581,0.0
2018-12-26,4.77019,4.77758,4.75925,4.76952,4.76952,0.0
2018-12-27,4.76614,4.77431,4.74158,4.76581,4.76581,0.0
2018-12-28,4.74826,4.7746,4.73641,4.74781,4.74781,0.0
2018-12-31,4.76591,4.81854,4.76221,4.76748,4.76748,0.0
2019-01-01,4.77,4.785,4.7411,4.76604,4.76604,0.0
2019-01-02,4.76926,4.7803,4.75465,4.76973,4.76973,0.0
2019-01-03,4.75253,4.76698,4.73804,4.7516,4.7516,0.0
2019-01-04,4.75465,4.78652,4.7499,4.75389,4.75389,0.0
2019-01-07,4.7874,4.79183,4.77654,4.78817,4.78817,0.0
2019-01-08,4.78371,4.80206,4.77775,4.78264,4.78264,0.0
2019-01-09,4.77438,4.78562,4.74757,4.77497,4.77497,0.0
2019-01-10,4.76343,4.76979,4.74129,4.76353,4.76353,0.0
2019-01-11,4.75829,4.80628,4.73912,4.7596,4.7596,0.0
2019-01-14,4.80923,4.8324,4.79626,4.80948,4.80948,0.0
2019-01-15,4.81498,4.83323,4.80301,4.81323,4.81323,0.0
2019-01-16,4.83734,4.8501,4.8259,4.83872,4.83872,0.0
2019-01-17,4.83772,4.87278,4.83213,4.8387,4.8387,0.0
2019-01-18,4.88303,4.8895,4.85839,4.88482,4.88482,0.0
2019-01-21,4.84748,4.86598,4.84205,4.84799,4.84799,0.0
2019-01-22,4.8559,4.88715,4.85208,4.85529,4.85529,0.0
2019-01-23,4.88502,4.92799,4.88032,4.8855,4.8855,0.0
2019-01-24,4.92604,4.93949,4.91476,4.92583,4.92583,0.0
2019-01-25,4.96832,4.9716,4.93844,4.9706,4.9706,0.0
2019-01-28,4.95922,4.96177,4.93178,4.95928,4.95928,0.0
2019-01-29,4.93997,4.96084,4.92961,4.94077,4.94077,0.0
2019-01-30,4.91087,4.928,4.90049,4.90971,4.90971,0.0
2019-01-31,4.89202,4.89877,4.85915,4.89214,4.89214,0.0
2019-02-01,4.87921,4.89778,4.85539,4.87964,4.87964,0.0
2019-02-04,4.88886,4.90935,4.87964,4.88929,4.88929,0.0
2019-02-05,4.88059,4.89614,4.85873,4.8808,4.8808,0.0
2019-02-06,4.86684,4.89462,4.86633,4.86646,4.86646,0.0
2019-02-07,4.88619,4.92369,4.87719,4.88645,4.88645,0.0
2019-02-08,4.91601,4.92973,4.90971,4.91659,4.91659,0.0
2019-02-11,4.92412,4.9362,4.91418,4.92413,4.92413,0.0
2019-02-12,4.92917,4.94118,4.92399,4.9287,4.9287,0.0
2019-02-13,4.92022,4.94748,4.91962,4.92123,4.92123,0.0
2019-02-14,4.9483,4.95042,4.9058,4.9488,4.9488,0.0
2019-02-15,4.90417,4.94223,4.90296,4.90396,4.90396,0.0
2019-02-18,4.94521,4.95121,4.93632,4.94593,4.94593,0.0
2019-02-19,4.94516,4.9851,4.93783,4.94392,4.94392,0.0
2019-02-20,4.98394,4.99557,4.9747,4.98426,4.98426,0.0
2019-02-21,4.97742,4.99724,4.97479,4.97755,4.97755,0.0
2019-02-22,4.9826,4.99325,4.96726,4.98162,4.98162,0.0
2019-02-25,4.99806,5.00235,4.98209,4.99775,4.99775,0.0
2019-02-26,5.01044,5.0471,5.00944,5.00939,5.00939,0.0
2019-02-27,5.0301,5.05658,5.02588,5.029,5.029,0.0
2019-02-28,5.04738,5.04903,5.01412,5.04718,5.04718,0.0
2019-03-01,5.01734,5.02103,4.99724,5.01669,5.01669,0.0
2019-03-04,5.00822,5.02313,5.00077,5.00825,5.00825,0.0
2019-03-05,4.99467,5.00823,4.97288,4.99446,4.99446,0.0
2019-03-06,5.0028,5.00629,4.98596,5.00267,5.00267,0.0
2019-03-07,5.00644,5.03873,4.98479,5.00677,5.00677,0.0
2019-03-08,5.04077,5.04416,4.97116,5.0416,5.0416,0.0
2019-03-11,4.97118,5.01795,4.95233,4.97223,4.97223,0.0
2019-03-12,5.05748,5.05807,4.97212,5.05737,5.05737,0.0
2019-03-13,4.9751,5.02728,4.97477,4.97481,4.97481,0.0
2019-03-14,5.03816,5.05864,5.02159,5.03934,5.03934,0.0
2019-03-15,5.04369,5.04515,5.01725,5.04346,5.04346,0.0
2019-03-18,5.04834,5.04834,4.99134,5.04827,5.04827,0.0
2019-03-19,5.02034,5.02585,5.0049,5.01969,5.01969,0.0
2019-03-20,5.00961,5.00988,4.95993,5.009,5.009,0.0
2019-03-21,4.94246,4.95257,4.9196,4.94268,4.94268,0.0
2019-03-22,4.94538,5.03689,4.9366,4.94559,4.94559,0.0
2019-03-25,5.02438,5.02604,4.99713,5.02424,5.02424,0.0
2019-03-26,5.008,5.03809,4.99866,5.01006,5.01006,0.0
2019-03-27,5.02537,5.0501,5.0217,5.0257,5.0257,0.0
2019-03-28,5.01685,5.03341,5.00187,5.01657,5.01657,0.0
2019-03-29,4.99216,5.02666,4.97314,4.99199,4.99199,0.0
2019-04-01,4.98957,5.0367,4.98436,4.98923,4.98923,0.0
2019-04-02,5.00966,5.01671,4.98837,5.00951,5.00951,0.0
2019-04-03,5.0324,5.04886,5.01065,5.03255,5.03255,0.0
2019-04-04,5.02739,5.03638,4.99316,5.02671,5.02671,0.0
2019-04-05,4.99557,5.01012,4.97011,4.99624,4.99624,0.0
2019-04-08,4.98359,4.99462,4.95782,4.98414,4.98414,0.0
2019-04-09,4.97348,4.98426,4.95207,4.97351,4.97351,0.0
2019-04-10,4.96298,4.98053,4.9603,4.96413,4.96413,0.0
2019-04-11,4.96986,4.9741,4.96094,4.97005,4.97005,0.0
2019-04-12,4.9646,4.9646,4.94623,4.96425,4.96425,0.0
2019-04-15,4.95104,4.95618,4.94427,4.95068,4.95068,0.0
2019-04-16,4.95145,4.95342,4.93337,4.95204,4.95204,0.0
2019-04-17,4.9377,4.94166,4.92187,4.93812,4.93812,0.0
2019-04-18,4.92754,4.9537,4.92692,4.92776,4.92776,0.0
2019-04-19,4.94536,4.9497,4.93964,4.94541,4.94541,0.0
2019-04-22,4.94331,4.94871,4.93639,4.94383,4.94383,0.0
2019-04-23,4.93864,4.9635,4.93864,4.93818,4.93818,0.0
2019-04-24,4.93834,4.9694,4.9356,4.93874,4.93874,0.0
2019-04-25,4.96901,4.9744,4.96219,4.96902,4.96902,0.0
2019-04-26,4.96821,4.97695,4.96171,4.96776,4.96776,0.0
2019-04-29,4.97651,4.98031,4.96634,4.97662,4.97662,0.0
2019-04-30,4.96137,4.98911,4.96088,4.96125,4.96125,0.0
2019-05-01,4.98205,4.98568,4.97387,4.98184,4.98184,0.0
2019-05-02,4.99117,5.00134,4.97692,4.99055,4.99055,0.0
2019-05-03,4.99892,5.03461,4.99105,4.99893,4.99893,0.0
2019-05-06,5.03395,5.03506,5.00149,5.03499,5.03499,0.0
2019-05-07,5.00733,5.01634,4.99737,5.00716,5.00716,0.0
2019-05-08,5.00735,5.01058,4.97578,5.00775,5.00775,0.0
2019-05-09,4.9863,4.99735,4.96943,4.98616,4.98616,0.0
2019-05-10,4.98336,4.98427,4.97178,4.98326,4.98326,0.0
2019-05-13,4.9732,4.98981,4.96197,4.97634,4.97634,0.0
2019-05-14,4.96851,4.97196,4.95171,4.96819,4.96819,0.0
2019-05-15,4.96112,4.96936,4.92735,4.96104,4.96104,0.0
2019-05-16,4.92702,4.92929,4.90816,4.9278,4.9278,0.0
2019-05-17,4.9255,4.92711,4.90276,4.92604,4.92604,0.0
2019-05-20,4.9079,4.91388,4.89212,4.90815,4.90815,0.0
2019-05-21,4.89658,4.92993,4.89197,4.89696,4.89696,0.0
2019-05-22,4.89942,4.90723,4.86966,4.89949,4.89949,0.0
2019-05-23,4.8856,4.89792,4.86923,4.88569,4.88569,0.0
2019-05-24,4.87217,4.8813,4.85389,4.87175,4.87175,0.0
2019-05-27,4.87301,4.8815,4.85522,4.87241,4.87241,0.0
2019-05-28,4.85843,4.87428,4.854,4.85828,4.85828,0.0
2019-05-29,4.86903,4.8863,4.86714,4.86943,4.86943,0.0
2019-05-30,4.86782,4.87286,4.84819,4.86739,4.86739,0.0
2019-05-31,4.85685,4.8634,4.8266,4.85736,4.85736,0.0
2019-06-03,4.84305,4.85094,4.81756,4.84239,4.84239,0.0
2019-06-04,4.81849,4.83399,4.80651,4.81877,4.81877,0.0
2019-06-05,4.82705,4.8329,4.81781,4.82708,4.82708,0.0
2019-06-06,4.8312,4.83833,4.80794,4.83116,4.83116,0.0
2019-06-07,4.80906,4.82899,4.78556,4.80897,4.80897,0.0
2019-06-10,4.78597,4.79976,4.77273,4.78552,4.78552,0.0
2019-06-11,4.77765,4.79593,4.76897,4.77766,4.77766,0.0
2019-06-12,4.78612,4.80144,4.77518,4.7866,4.7866,0.0
2019-06-13,4.7818,4.79322,4.77129,4.78143,4.78143,0.0
2019-06-14,4.78234,4.78594,4.77036,4.78209,4.78209,0.0
2019-06-17,4.77914,4.78462,4.76197,4.77905,4.77905,0.0
2019-06-18,4.75976,4.77637,4.74607,4.76,4.76,0.0
2019-06-19,4.77726,4.80731,4.77318,4.77695,4.77695,0.0
2019-06-20,4.79731,4.79885,4.7675,4.79728,4.79728,0.0
2019-06-21,4.78323,4.7887,4.75404,4.78321,4.78321,0.0
2019-06-24,4.76286,4.76848,4.74631,4.76242,4.76242,0.0
2019-06-25,4.75024,4.77207,4.74571,4.75024,4.75024,0.0
2019-06-26,4.74908,4.76568,4.74177,4.74913,4.74913,0.0
2019-06-27,4.75369,4.76177,4.7381,4.7535,4.7535,0.0
2019-06-28,4.7372,4.74754,4.72704,4.73709,4.73709,0.0
2019-07-01,4.73985,4.75406,4.72517,4.73973,4.73973,0.0
2019-07-02,4.74837,4.75462,4.72842,4.74827,4.74827,0.0
2019-07-03,4.73319,4.73404,4.7159,4.73361,4.73361,0.0
2019-07-04,4.72474,4.73278,4.72106,4.72457,4.72457,0.0
2019-07-05,4.72847,4.74316,4.72448,4.72805,4.72805,0.0
2019-07-08,4.74198,4.74938,4.73838,4.74187,4.74187,0.0
2019-07-09,4.7485,4.7491,4.73445,4.74823,4.74823,0.0
2019-07-10,4.74565,4.75635,4.7386,4.7459,4.7459,0.0
2019-07-11,4.73605,4.75984,4.73444,4.73644,4.73644,0.0
2019-07-12,4.74853,4.76545,4.74531,4.74792,4.74792,0.0
2019-07-15,4.76069,4.762,4.73485,4.76074,4.76074,0.0
2019-07-16,4.736,4.73667,4.707,4.73589,4.73589,0.0
2019-07-17,4.70956,4.72607,4.70639,4.71038,4.71038,0.0
2019-07-18,4.72016,4.74244,4.71752,4.71951,4.71951,0.0
2019-07-19,4.73764,4.75154,4.72995,4.73686,4.73686,0.0
2019-07-22,4.73991,4.74158,4.71778,4.74057,4.74057,0.0
2019-07-23,4.72584,4.75102,4.71704,4.72576,4.72576,0.0
2019-07-24,4.74778,4.77801,4.74485,4.74757,4.74757,0.0
2019-07-25,4.76307,4.7757,4.75261,4.76277,4.76277,0.0
2019-07-26,4.75616,4.76627,4.74737,4.75575,4.75575,0.0
2019-07-29,4.74759,4.74994,4.70457,4.748,4.748,0.0
2019-07-30,4.70059,4.70166,4.66483,4.70061,4.70061,0.0
2019-07-31,4.6825,4.71296,4.67805,4.68364,4.68364,0.0
2019-08-01,4.70472,4.73012,4.69847,4.70508,4.70508,0.0
2019-08-02,4.71472,4.71813,4.6876,4.71379,4.71379,0.0
2019-08-05,4.71156,4.71783,4.68166,4.7114,4.7114,0.0
2019-08-06,4.67109,4.70882,4.66975,4.67129,4.67129,0.0
2019-08-07,4.68792,4.69462,4.67297,4.6874,4.6874,0.0
2019-08-08,4.68103,4.69262,4.66585,4.68156,4.68156,0.0
2019-08-09,4.68972,4.69039,4.65,4.68964,4.68964,0.0
2019-08-12,4.63849,4.67704,4.63777,4.63815,4.63815,0.0
2019-08-13,4.66165,4.687,4.65868,4.66056,4.66056,0.0
2019-08-14,4.67513,4.73443,4.67046,4.67569,4.67569,0.0
2019-08-15,4.73141,4.7846,4.71906,4.73206,4.73206,0.0
2019-08-16,4.75837,4.77388,4.7394,4.75636,4.75636,0.0
2019-08-19,4.7568,4.78438,4.74467,4.75713,4.75713,0.0
2019-08-20,4.77971,4.78248,4.7434,4.77914,4.77914,0.0
2019-08-21,4.77808,4.78147,4.75038,4.77706,4.77706,0.0
2019-08-22,4.75431,4.83222,4.75172,4.75451,4.75451,0.0
2019-08-23,4.81476,4.82274,4.79849,4.81538,4.81538,0.0
2019-08-26,4.81714,4.82737,4.78674,4.81713,4.81713,0.0
2019-08-27,4.79762,4.8488,4.79446,4.79887,4.79887,0.0
2019-08-28,4.84807,4.85015,4.80832,4.84843,4.84843,0.0
2019-08-29,4.83816,4.84778,4.81925,4.83832,4.83832,0.0
2019-08-30,4.83189,4.8546,4.82484,4.83189,4.83189,0.0
2019-09-02,4.8384,4.84257,4.77943,4.83713,4.83713,0.0
2019-09-03,4.79765,4.81402,4.76859,4.79817,4.79817,0.0
2019-09-04,4.7876,4.80836,4.7854,4.7878,4.7878,0.0
2019-09-05,4.81831,4.84732,4.81263,4.81849,4.81849,0.0
2019-09-06,4.84737,4.85218,4.82889,4.8471,4.8471,0.0
2019-09-09,4.83529,4.8682,4.80651,4.83478,4.83478,0.0
2019-09-10,4.84134,4.8598,4.83154,4.84081,4.84081,0.0
2019-09-11,4.84312,4.87141,4.83956,4.84213,4.84213,0.0
2019-09-12,4.8594,4.8731,4.83497,4.85966,4.85966,0.0
2019-09-13,4.83369,4.87046,4.82787,4.834,4.834,0.0
2019-09-16,4.87665,4.8909,4.85775,4.87662,4.87662,0.0
2019-09-17,4.88963,4.90185,4.8769,4.88979,4.88979,0.0
2019-09-18,4.89092,4.90304,4.88573,4.88996,4.88996,0.0
2019-09-19,4.90446,4.91263,4.8827,4.90401,4.90401,0.0
2019-09-20,4.92109,4.97173,4.91861,4.92041,4.92041,0.0
2019-09-23,4.94698,4.98095,4.93891,4.94568,4.94568,0.0
2019-09-24,4.96355,4.97909,4.94032,4.96328,4.96328,0.0
2019-09-25,4.96385,4.96849,4.93863,4.9633,4.9633,0.0
2019-09-26,4.94212,4.95987,4.9328,4.94165,4.94165,0.0
2019-09-27,4.94876,4.9569,4.92125,4.94896,4.94896,0.0
2019-09-30,4.92163,4.94766,4.91649,4.92141,4.92141,0.0
2019-10-01,4.92585,4.94626,4.90085,4.92495,4.92495,0.0
2019-10-02,4.92,4.92852,4.88678,4.91984,4.91984,0.0
2019-10-03,4.89431,4.90388,4.86069,4.89387,4.89387,0.0
2019-10-04,4.87151,4.87558,4.83294,4.87172,4.87172,0.0
2019-10-07,4.84876,4.86197,4.84232,4.84871,4.84871,0.0
2019-10-08,4.84724,4.84904,4.80516,4.84742,4.84742,0.0
2019-10-09,4.81762,4.83409,4.80636,4.81756,4.81756,0.0
2019-10-10,4.8054,4.84815,4.78109,4.80539,4.80539,0.0
2019-10-11,4.86515,4.94386,4.86317,4.86535,4.86535,0.0
2019-10-14,4.91908,4.92326,4.87366,4.9216,4.9216,0.0
2019-10-15,4.91069,4.97006,4.90902,4.91153,4.91153,0.0
2019-10-16,4.96105,4.9925,4.93405,4.96126,4.96126,0.0
2019-10-17,4.95836,4.98375,4.92338,4.95697,4.95697,0.0
2019-10-18,4.95241,4.96818,4.94328,4.95405,4.95405,0.0
2019-10-21,4.95146,4.9903,4.94505,4.95123,4.95123,0.0
2019-10-22,4.97298,4.98106,4.94537,4.97311,4.97311,0.0
2019-10-23,4.94407,4.95925,4.93156,4.94428,4.94428,0.0
2019-10-24,4.95743,4.96861,4.93663,4.95752,4.95752,0.0
2019-10-25,4.94661,4.95486,4.92941,4.94608,4.94608,0.0
2019-10-28,4.9485,4.9609,4.93704,4.94904,4.94904,0.0
2019-10-29,4.94885,4.9606,4.93822,4.94889,4.94889,0.0
2019-10-30,4.93604,4.94721,4.92792,4.93732,4.93732,0.0
2019-10-31,4.92426,4.95273,4.92401,4.92461,4.92461,0.0
2019-11-01,4.94258,4.95137,4.92579,4.94291,4.94291,0.0
2019-11-04,4.92548,4.94177,4.91955,4.92524,4.92524,0.0
2019-11-05,4.94235,4.96022,4.92889,4.94375,4.94375,0.0
2019-11-06,4.95952,4.96819,4.95319,4.95934,4.95934,0.0
2019-11-07,4.95213,4.95608,4.92417,4.95236,4.95236,0.0
2019-11-08,4.93911,4.95499,4.93536,4.93912,4.93912,0.0
2019-11-11,4.9521,4.99263,4.94726,4.95096,4.95096,0.0
2019-11-12,4.97694,4.99186,4.96699,4.97713,4.97713,0.0
2019-11-13,4.99603,5.00793,4.98958,4.99655,4.99655,0.0
2019-11-14,5.00931,5.01926,5.00211,5.0092,5.0092,0.0
2019-11-15,5.00543,5.00946,4.98615,5.00523,5.00523,0.0
2019-11-18,4.99483,5.0301,4.99165,4.99485,4.99485,0.0
2019-11-19,5.01722,5.02641,4.99967,5.01615,5.01615,0.0
2019-11-20,4.99984,5.01701,4.99692,4.99954,4.99954,0.0
2019-11-21,5.00951,5.02721,5.00863,5.00943,5.00943,0.0
2019-11-22,5.01647,5.01931,4.99108,5.01602,5.01602,0.0
2019-11-25,5.00847,5.03728,5.00433,5.00854,5.00854,0.0
2019-11-26,5.03318,5.03655,5.01331,5.03339,5.03339,0.0
2019-11-27,5.02123,5.05227,5.0178,5.02164,5.02164,0.0
2019-11-28,5.06077,5.07975,5.05601,5.0611,5.0611,0.0
2019-11-29,5.06274,5.07173,5.05444,5.06341,5.06341,0.0
2019-12-02,5.05033,5.05733,4.99541,5.05037,5.05037,0.0
2019-12-03,5.00703,5.03146,5.00268,5.00567,5.00567,0.0
2019-12-04,5.01911,5.05995,5.01876,5.01942,5.01942,0.0
2019-12-05,5.06012,5.07357,5.05643,5.05858,5.05858,0.0
2019-12-06,5.06467,5.0846,5.04539,5.06434,5.06434,0.0
2019-12-09,5.08332,5.09659,5.07794,5.08107,5.08107,0.0
2019-12-10,5.09286,5.105,5.08499,5.09366,5.09366,0.0
2019-12-11,5.07714,5.09492,5.07308,5.07724,5.07724,0.0
2019-12-12,5.07621,5.08568,5.04539,5.0761,5.0761,0.0
2019-12-13,5.16364,5.17687,5.09341,5.16238,5.16238,0.0
2019-12-16,5.12631,5.14852,5.09353,5.1269,5.1269,0.0
2019-12-17,5.06996,5.08106,5.0049,5.07059,5.07059,0.0
2019-12-18,5.01272,5.02912,5.00094,5.01247,5.01247,0.0
2019-12-19,5.01882,5.0363,4.97717,5.01905,5.01905,0.0
2019-12-20,4.98672,5.02187,4.98271,4.98719,4.98719,0.0
2019-12-23,4.99502,5.00285,4.96593,4.99499,4.99499,0.0
2019-12-24,4.9858,4.98958,4.96562,4.98554,4.98554,0.0
2019-12-25,4.96238,4.97742,4.96238,4.96238,4.96238,0.0
2019-12-26,4.97796,4.99353,4.97714,4.97818,4.97818,0.0
2019-12-27,4.98738,5.01169,4.97429,4.98568,4.98568,0.0
2019-12-30,4.98724,5.00525,4.9798,4.98715,4.98715,0.0
2019-12-31,4.97869,5.02882,4.97601,4.97813,4.97813,0.0
2020-01-01,5.02495,5.02495,5.02495,5.02495,5.02495,0.0
2020-01-02,5.02378,5.02784,4.98456,5.02425,5.02425,0.0
2020-01-03,4.98521,5.00168,4.96375,4.98658,4.98658,0.0
2020-01-06,4.97141,4.98751,4.96815,4.97111,4.97111,0.0
2020-01-07,4.97715,5.00223,4.97493,4.97679,4.97679,0.0
2020-01-08,4.99088,5.02049,4.9868,4.99136,4.99136,0.0
2020-01-09,4.99094,4.99814,4.97205,4.99095,4.99095,0.0
2020-01-10,4.99308,5.00809,4.97124,4.99305,4.99305,0.0
2020-01-13,4.96919,4.97051,4.93501,4.97052,4.97052,0.0
2020-01-14,4.93627,4.94023,4.91331,4.93567,4.93567,0.0
2020-01-15,4.94018,4.94346,4.92508,4.94042,4.94042,0.0
2020-01-16,4.94446,4.97221,4.94203,4.94429,4.94429,0.0
2020-01-17,4.96701,4.98892,4.96546,4.96691,4.96691,0.0
2020-01-20,4.9686,4.97682,4.9557,4.9697,4.9697,0.0
2020-01-21,4.97297,4.99259,4.97209,4.97293,4.97293,0.0
2020-01-22,4.9796,5.03155,4.97482,4.97881,4.97881,0.0
2020-01-23,5.01924,5.04312,5.01415,5.01901,5.01901,0.0
2020-01-24,5.0365,5.0571,5.03274,5.03531,5.03531,0.0
2020-01-27,5.03926,5.07333,5.03446,5.03826,5.03826,0.0
2020-01-28,5.06833,5.06958,5.03242,5.06837,5.06837,0.0
2020-01-29,5.04575,5.06702,5.04454,5.04597,5.04597,0.0
2020-01-30,5.06436,5.09999,5.04574,5.0646,5.0646,0.0
2020-01-31,5.09271,5.12661,5.09271,5.09266,5.09266,0.0
2020-02-03,5.10611,5.10872,5.05395,5.1059,5.1059,0.0
2020-02-04,5.04876,5.0594,5.02892,5.04834,5.04834,0.0
2020-02-05,5.04084,5.05196,4.99207,5.04056,5.04056,0.0
2020-02-06,5.01517,5.0262,4.99531,5.01363,5.01363,0.0
2020-02-07,5.01336,5.04489,5.01296,5.01347,5.01347,0.0
2020-02-10,5.02827,5.05436,5.01652,5.027,5.027,0.0
2020-02-11,5.04529,5.05253,5.03798,5.04554,5.04554,0.0
2020-02-12,5.04878,5.06966,5.04878,5.04894,5.04894,0.0
2020-02-13,5.06357,5.12718,5.06189,5.06407,5.06407,0.0
2020-02-14,5.10738,5.11668,5.08788,5.10308,5.10308,0.0
2020-02-17,5.11016,5.12046,5.10397,5.11024,5.11024,0.0
2020-02-18,5.10918,5.15857,5.10896,5.10986,5.10986,0.0
2020-02-19,5.13761,5.14553,5.11242,5.13763,5.13763,0.0
2020-02-20,5.10466,5.11494,5.08342,5.10467,5.10467,0.0
2020-02-21,5.10593,5.1312,5.10333,5.10589,5.10589,0.0
2020-02-24,5.12713,5.15471,5.11922,5.12893,5.12893,0.0
2020-02-25,5.12726,5.15409,5.12005,5.12745,5.12745,0.0
2020-02-26,5.14309,5.1499,5.10967,5.14368,5.14368,0.0
2020-02-27,5.11508,5.11706,5.05811,5.1145,5.1145,0.0
2020-02-28,5.06544,5.07561,5.02027,5.06505,5.06505,0.0
2020-03-02,5.018,5.02901,4.94088,5.02006,5.02006,0.0
2020-03-03,4.94269,4.9726,4.91906,4.94282,4.94282,0.0
2020-03-04,4.94056,4.9595,4.90553,4.94044,4.94044,0.0
2020-03-05,4.96297,4.98067,4.95513,4.96351,4.96351,0.0
2020-03-06,4.96631,4.9779,4.92427,4.9658,4.9658,0.0
2020-03-09,4.96255,4.98792,4.92418,4.96092,4.96092,0.0
2020-03-10,4.96376,4.97261,4.91874,4.96375,4.96375,0.0
2020-03-11,4.90891,4.95197,4.88476,4.90845,4.90845,0.0
2020-03-12,4.92264,4.96589,4.89681,4.92361,4.92361,0.0
2020-03-13,4.91889,4.94512,4.86927,4.9166,4.9166,0.0
2020-03-16,4.8551,4.89373,4.80623,4.85653,4.85653,0.0
2020-03-17,4.87413,4.93691,4.86112,4.87437,4.87437,0.0
2020-03-18,4.91064,4.93335,4.84783,4.91402,4.91402,0.0
2020-03-19,4.76538,4.9867,4.73225,4.76283,4.76283,0.0
2020-03-20,4.91252,5.03059,4.90861,4.91041,4.91041,0.0
2020-03-23,4.88154,4.98587,4.88154,4.88989,4.88989,0.0
2020-03-24,4.95534,5.04358,4.9147,4.95376,4.95376,0.0
2020-03-25,5.02348,5.05782,4.93673,5.02354,5.02354,0.0
2020-03-26,4.9564,5.01398,4.94595,4.95903,4.95903,0.0
2020-03-27,4.98065,5.07102,4.97767,4.98031,4.98031,0.0
2020-03-30,5.06886,5.13605,5.04802,5.06669,5.06669,0.0
2020-03-31,5.08726,5.16492,5.05908,5.09083,5.09083,0.0
2020-04-01,5.12808,5.21895,5.10861,5.12675,5.12675,0.0
2020-04-02,5.19363,5.21847,5.18501,5.1948,5.1948,0.0
2020-04-03,5.20881,5.23778,5.17603,5.20828,5.20828,0.0
2020-04-06,5.17967,5.20648,5.15546,5.18337,5.18337,0.0
2020-04-07,5.16201,5.17631,5.11984,5.16501,5.16501,0.0
2020-04-08,5.12005,5.17495,5.11997,5.12127,5.12127,0.0
2020-04-09,5.16244,5.20843,5.14965,5.16201,5.16201,0.0
2020-04-10,5.18205,5.19168,5.1698,5.18067,5.18067,0.0
2020-04-13,5.18402,5.25093,5.18149,5.18437,5.18437,0.0
2020-04-14,5.20214,5.24445,5.1992,5.20249,5.20249,0.0
2020-04-15,5.18695,5.21131,5.17846,5.18711,5.18711,0.0
2020-04-16,5.20666,5.22033,5.19252,5.20563,5.20563,0.0
2020-04-17,5.20606,5.22042,5.18473,5.20683,5.20683,0.0
2020-04-20,5.18843,5.20606,5.16739,5.18623,5.18623,0.0
2020-04-21,5.17558,5.19327,5.1212,5.17708,5.17708,0.0
2020-04-22,5.13456,5.1838,5.12408,5.13386,5.13386,0.0
2020-04-23,5.18066,5.21268,5.17796,5.17825,5.17825,0.0
2020-04-24,5.20329,5.21136,5.17046,5.20226,5.20226,0.0
2020-04-27,5.18089,5.19902,5.17399,5.17909,5.17909,0.0
2020-04-28,5.20218,5.22529,5.20029,5.20161,5.20161,0.0
2020-04-29,5.21663,5.22933,5.18674,5.21686,5.21686,0.0
2020-04-30,5.20938,5.24386,5.20084,5.20976,5.20976,0.0
2020-05-01,5.21732,5.22468,5.18894,5.21757,5.21757,0.0
2020-05-04,5.19125,5.2039,5.17338,5.18892,5.18892,0.0
2020-05-05,5.18896,5.22269,5.18366,5.18743,5.18743,0.0
2020-05-06,5.20756,5.2165,5.19129,5.20658,5.20658,0.0
2020-05-07,5.18928,5.22465,5.18544,5.18675,5.18675,0.0
2020-05-08,5.1944,5.22058,5.1913,5.19514,5.19514,0.0
2020-05-11,5.20921,5.21345,5.17741,5.20791,5.20791,0.0
2020-05-12,5.19194,5.20477,5.15625,5.19537,5.19537,0.0
2020-05-13,5.15015,5.18083,5.14181,5.15064,5.15064,0.0
2020-05-14,5.1607,5.16943,5.14472,5.16165,5.16165,0.0
2020-05-15,5.15856,5.15946,5.11112,5.1571,5.1571,0.0
2020-05-18,5.09137,5.12762,5.09056,5.09099,5.09099,0.0
2020-05-19,5.0948,5.11017,5.07998,5.0951,5.0951,0.0
2020-05-20,5.0967,5.10259,5.05165,5.09587,5.09587,0.0
2020-05-21,5.05064,5.05877,5.02601,5.05172,5.05172,0.0
2020-05-22,5.03662,5.05415,5.03586,5.03636,5.03636,0.0
2020-05-25,5.04018,5.05294,5.02587,5.03979,5.03979,0.0
2020-05-26,5.03498,5.0434,4.97905,5.03502,5.03502,0.0
2020-05-27,4.98346,4.98839,4.92801,4.98317,4.98317,0.0
2020-05-28,4.92774,4.95762,4.91113,4.92889,4.92889,0.0
2020-05-29,4.95234,4.95957,4.91097,4.95208,4.95208,0.0
2020-06-01,4.92365,4.95085,4.91672,4.92272,4.92272,0.0
2020-06-02,4.94027,4.9683,4.91732,4.93978,4.93978,0.0
2020-06-03,4.92747,4.96036,4.90631,4.92852,4.92852,0.0
2020-06-04,4.93138,4.98347,4.90434,4.93117,4.93117,0.0
2020-06-05,4.92621,4.98877,4.91488,4.93062,4.93062,0.0
2020-06-08,4.97816,5.00063,4.96752,4.97931,4.97931,0.0
2020-06-09,4.98108,4.99817,4.96922,4.98138,4.98138,0.0
2020-06-10,4.98079,5.01534,4.97818,4.98093,4.98093,0.0
2020-06-11,4.98171,4.99419,4.9636,4.98086,4.98086,0.0
2020-06-12,4.98157,4.98157,4.94223,4.98116,4.98116,0.0
2020-06-15,4.9383,4.94998,4.92992,4.93967,4.93967,0.0
2020-06-16,4.92027,4.97731,4.9167,4.91927,4.91927,0.0
2020-06-17,4.96368,4.9927,4.94438,4.96389,4.96389,0.0
2020-06-18,4.98106,4.98374,4.92308,4.9817,4.9817,0.0
2020-06-19,4.93064,4.93934,4.90564,4.93218,4.93218,0.0
2020-06-22,4.93383,4.94042,4.90654,4.93478,4.93478,0.0
2020-06-23,4.91648,4.92365,4.88418,4.91584,4.91584,0.0
2020-06-24,4.92102,4.93408,4.90864,4.92008,4.92008,0.0
2020-06-25,4.91698,4.95676,4.91633,4.91587,4.91587,0.0
2020-06-26,4.9306,4.9406,4.90451,4.92805,4.92805,0.0
2020-06-29,4.91089,4.9177,4.85997,4.91283,4.91283,0.0
2020-06-30,4.8743,4.89495,4.8703,4.87407,4.87407,0.0
2020-07-01,4.90183,4.95691,4.88769,4.90141,4.90141,0.0
2020-07-02,4.95687,4.96481,4.94198,4.9567,4.9567,0.0
2020-07-03,4.94911,4.95836,4.94018,4.94985,4.94985,0.0
2020-07-06,4.9477,4.95284,4.92352,4.94847,4.94847,0.0
2020-07-07,4.9283,4.98822,4.92707,4.92969,4.92969,0.0
2020-07-08,4.97506,4.98558,4.96475,4.97572,4.97572,0.0
2020-07-09,4.97592,4.99501,4.97123,4.97674,4.97674,0.0
2020-07-10,4.98917,5.00161,4.98438,4.98634,4.98634,0.0
2020-07-13,4.9838,4.99238,4.97362,4.98611,4.98611,0.0
2020-07-14,4.96526,4.97258,4.91461,4.96656,4.96656,0.0
2020-07-15,4.92866,4.9485,4.9218,4.92582,4.92582,0.0
2020-07-16,4.93768,4.94824,4.92697,4.93548,4.93548,0.0
2020-07-17,4.93988,4.94631,4.9032,4.94013,4.94013,0.0
2020-07-20,4.91726,4.93569,4.8979,4.91656,4.91656,0.0
2020-07-21,4.9235,4.93603,4.90854,4.92277,4.92277,0.0
2020-07-22,4.89086,4.90416,4.8447,4.89106,4.89106,0.0
2020-07-23,4.8651,4.8653,4.82886,4.8649,4.8649,0.0
2020-07-24,4.8386,4.85182,4.83346,4.83819,4.83819,0.0
2020-07-27,4.83513,4.83513,4.80442,4.83516,4.83516,0.0
2020-07-28,4.80846,4.86945,4.80597,4.80789,4.80789,0.0
2020-07-29,4.86896,4.89401,4.85448,4.86417,4.86417,0.0
2020-07-30,4.85044,4.89748,4.85004,4.85055,4.85055,0.0
2020-07-31,4.8713,4.90432,4.85894,4.86909,4.86909,0.0
2020-08-03,4.91626,4.92372,4.89691,4.91666,4.91666,0.0
2020-08-04,4.90553,4.90555,4.87049,4.90535,4.90535,0.0
2020-08-05,4.86968,4.87487,4.85716,4.86842,4.86842,0.0
2020-08-06,4.8597,4.90676,4.85718,4.86294,4.86294,0.0
2020-08-07,4.88345,4.90425,4.87037,4.88434,4.88434,0.0
2020-08-10,4.88897,4.89881,4.87507,4.88873,4.88873,0.0
2020-08-11,4.89857,4.9042,4.88619,4.89937,4.89937,0.0
2020-08-12,4.89857,4.90589,4.86066,4.89781,4.89781,0.0
2020-08-13,4.86498,4.87134,4.85842,4.86761,4.86761,0.0
2020-08-14,4.86335,4.88558,4.85512,4.86348,4.86348,0.0
2020-08-17,4.86217,4.86335,4.84532,4.86105,4.86105,0.0
2020-08-18,4.85105,4.86994,4.83838,4.85164,4.85164,0.0
2020-08-19,4.85573,4.88845,4.85249,4.85399,4.85399,0.0
2020-08-20,4.86738,4.87399,4.84199,4.86934,4.86934,0.0
2020-08-21,4.87944,4.90756,4.87789,4.87796,4.87796,0.0
2020-08-24,4.89147,4.90112,4.85527,4.89239,4.89239,0.0
2020-08-25,4.86534,4.89039,4.85288,4.86632,4.86632,0.0
2020-08-26,4.87804,4.93408,4.87704,4.88508,4.88508,0.0
2020-08-27,4.92373,4.94117,4.91065,4.9238,4.9238,0.0
2020-08-28,4.92227,4.92817,4.90361,4.92155,4.92155,0.0
2020-08-31,4.91471,4.92406,4.90251,4.91362,4.91362,0.0
2020-09-01,4.92022,4.94339,4.90518,4.92033,4.92033,0.0
2020-09-02,4.93006,4.9771,4.92644,4.9292,4.9292,0.0
2020-09-03,4.96665,4.981,4.95651,4.9686,4.9686,0.0
2020-09-04,4.96247,5.00443,4.96119,4.96785,4.96785,0.0
2020-09-07,4.98693,4.9886,4.93643,4.9868,4.9868,0.0
2020-09-08,4.93573,4.94538,4.90905,4.93442,4.93442,0.0
2020-09-09,4.90285,4.90405,4.87245,4.90087,4.90087,0.0
2020-09-10,4.88648,4.90536,4.8146,4.88699,4.88699,0.0
2020-09-11,4.8206,4.82431,4.79005,4.82058,4.82058,0.0
2020-09-14,4.80985,4.8334,4.80342,4.80971,4.80971,0.0
2020-09-15,4.81007,4.83828,4.79837,4.8107,4.8107,0.0
2020-09-16,4.84329,4.8885,4.82879,4.84315,4.84315,0.0
2020-09-17,4.88355,4.90577,4.85975,4.88361,4.88361,0.0
2020-09-18,4.87526,4.88842,4.86116,4.87408,4.87408,0.0
2020-09-21,4.8601,4.90914,4.84448,4.85973,4.85973,0.0
2020-09-22,4.89266,4.91867,4.87465,4.89235,4.89235,0.0
2020-09-23,4.87737,4.93709,4.87028,4.87859,4.87859,0.0
2020-09-24,4.91357,4.98346,4.91183,4.92063,4.92063,0.0
2020-09-25,4.96706,4.99082,4.96631,4.96801,4.96801,0.0
2020-09-28,4.99554,5.05834,4.98365,4.99445,4.99445,0.0
2020-09-29,5.04845,5.06661,4.94301,5.05419,5.05419,0.0
2020-09-30,4.95683,4.99855,4.94065,4.96063,4.96063,0.0
2020-10-01,4.99127,4.99434,4.90362,4.99061,4.99061,0.0
2020-10-02,4.91412,4.97728,4.9123,4.91397,4.91397,0.0
2020-10-05,4.9537,4.96858,4.93587,4.9544,4.9544,0.0
2020-10-06,4.9508,4.9627,4.91026,4.95011,4.95011,0.0
2020-10-07,4.92557,4.93102,4.89395,4.92565,4.92565,0.0
2020-10-08,4.9168,4.94739,4.90697,4.91901,4.91901,0.0
2020-10-09,4.92977,4.93889,4.8939,4.93101,4.93101,0.0
2020-10-12,4.92056,4.96351,4.92056,4.92166,4.92166,0.0
2020-10-13,4.92687,4.97346,4.92553,4.92658,4.92658,0.0
2020-10-14,4.94601,5.01094,4.91994,4.94748,4.94748,0.0
2020-10-15,4.99646,5.04475,4.99646,4.99878,4.99878,0.0
2020-10-16,5.00373,5.04615,5.00373,4.99689,4.99689,0.0
2020-10-19,5.01146,5.05504,5.0109,5.01182,5.01182,0.0
2020-10-20,5.02322,5.04907,4.99746,5.02944,5.02944,0.0
2020-10-21,4.99464,5.06544,4.98643,4.9929,4.9929,0.0
2020-10-22,5.05771,5.08667,5.05262,5.06152,5.06152,0.0
2020-10-23,5.06053,5.07415,5.03491,5.0597,5.0597,0.0
2020-10-26,5.02802,5.06934,5.01508,5.02913,5.02913,0.0
2020-10-27,5.04404,5.06099,5.03673,5.04389,5.04389,0.0
2020-10-28,5.06965,5.11869,5.06507,5.07072,5.07072,0.0
2020-10-29,5.11799,5.14422,5.09577,5.11838,5.11838,0.0
2020-10-30,5.11925,5.14348,5.1047,5.11766,5.11766,0.0
2020-11-02,5.11574,5.12081,5.09045,5.1148,5.1148,0.0
2020-11-03,5.10615,5.10928,5.05018,5.10634,5.10634,0.0
2020-11-04,5.06929,5.13065,5.0304,5.06335,5.06335,0.0
2020-11-05,5.00939,5.04098,4.98234,5.01057,5.01057,0.0
2020-11-06,5.03113,5.03872,4.98263,5.02798,5.02798,0.0
2020-11-09,4.98942,4.99369,4.93743,4.98978,4.98978,0.0
2020-11-10,4.98758,5.06273,4.98758,4.98749,4.98749,0.0
2020-11-11,5.0447,5.06841,5.02707,5.04477,5.04477,0.0
2020-11-12,5.0282,5.03158,4.9784,5.02749,5.02749,0.0
2020-11-13,4.98698,5.01419,4.97511,4.98463,4.98463,0.0
2020-11-16,5.00148,5.01171,4.96849,5.00139,5.00139,0.0
2020-11-17,4.97939,5.02699,4.97588,4.97886,4.97886,0.0
2020-11-18,5.01455,5.01928,4.99151,5.01326,5.01326,0.0
2020-11-19,4.99362,5.01387,4.98242,4.99603,4.99603,0.0
2020-11-20,4.98571,5.00509,4.98425,4.98361,4.98361,0.0
2020-11-23,5.00572,5.04556,5.00305,5.00518,5.00518,0.0
2020-11-24,5.02798,5.03895,5.00692,5.02932,5.02932,0.0
2020-11-25,5.01061,5.02351,4.99607,5.01058,5.01058,0.0
2020-11-26,5.01093,5.02235,5.00375,5.01353,5.01353,0.0
2020-11-27,5.01694,5.02643,4.98712,5.01698,5.01698,0.0
2020-11-30,4.99519,5.00621,4.96901,4.99558,4.99558,0.0
2020-12-01,5.00274,5.01705,4.94507,5.00251,5.00251,0.0
2020-12-02,4.94047,4.95647,4.92512,4.94003,4.94003,0.0
2020-12-03,4.93447,4.96948,4.93156,4.93447,4.93447,0.0
2020-12-04,4.94788,4.9774,4.93184,4.94836,4.94836,0.0
2020-12-07,4.94041,4.94656,4.88998,4.94357,4.94357,0.0
2020-12-08,4.93394,4.94514,4.89376,4.93219,4.93219,0.0
2020-12-09,4.90873,4.93463,4.89762,4.91004,4.91004,0.0
2020-12-10,4.89638,4.90618,4.8403,4.89462,4.89462,0.0
2020-12-11,4.84817,4.85653,4.80297,4.84916,4.84916,0.0
2020-12-14,4.87521,4.90594,4.86983,4.87478,4.87478,0.0
2020-12-15,4.86175,4.90733,4.85959,4.86328,4.86328,0.0
2020-12-16,4.90345,4.93004,4.89162,4.90305,4.90305,0.0
2020-12-17,4.90923,4.94373,4.90692,4.9086,4.9086,0.0
2020-12-18,4.90818,4.9768,4.89317,4.9079,4.9079,0.0
2020-12-21,4.91404,4.9307,4.89238,4.91187,4.91187,0.0
2020-12-22,4.93749,4.96501,4.91916,4.93819,4.93819,0.0
2020-12-23,4.94832,5.0012,4.94523,4.94915,4.94915,0.0
2020-12-24,4.98384,5.03409,4.98204,4.98327,4.98327,0.0
2020-12-25,4.99385,5.00825,4.98745,4.99375,4.99375,0.0
2020-12-28,5.00265,5.01595,4.9351,5.0032,5.0032,0.0
2020-12-29,4.94799,5.02733,4.9356,4.94671,4.94671,0.0
2020-12-30,5.0005,5.09236,4.99244,5.00079,5.00079,0.0
2020-12-31,5.07397,5.13557,5.05798,5.07374,5.07374,0.0
2021-01-01,5.09103,5.09103,5.09103,5.09103,5.09103,0.0
2021-01-04,5.08984,5.09475,5.02332,5.08973,5.08973,0.0
2021-01-05,5.04357,5.0511,5.01757,5.04225,5.04225,0.0
2021-01-06,5.01773,5.02302,4.97697,5.01824,5.01824,0.0
2021-01-07,4.99325,5.01329,4.97319,4.99385,4.99385,0.0
2021-01-08,4.99354,5.0273,4.99091,4.99399,4.99399,0.0
2021-01-11,5.00272,5.02976,4.99305,5.00218,5.00218,0.0
2021-01-12,5.03051,5.07389,5.02754,5.02893,5.02893,0.0
2021-01-13,5.05993,5.09555,5.0589,5.05962,5.05962,0.0
2021-01-14,5.09339,5.12429,5.08702,5.09279,5.09279,0.0
2021-01-15,5.1081,5.12528,5.09229,5.10718,5.10718,0.0
2021-01-18,5.10027,5.10637,5.08426,5.09993,5.09993,0.0
2021-01-19,5.09637,5.09743,5.08093,5.09296,5.09296,0.0
2021-01-20,5.09606,5.12085,5.08927,5.0934,5.0934,0.0
2021-01-21,5.11421,5.13331,5.10519,5.11415,5.11415,0.0
2021-01-22,5.11232,5.11243,5.08702,5.10895,5.10895,0.0
2021-01-25,5.10413,5.11809,5.10117,5.10431,5.10431,0.0
2021-01-26,5.11195,5.13874,5.10369,5.11116,5.11116,0.0
2021-01-27,5.13289,5.15929,5.1277,5.13185,5.13185,0.0
2021-01-28,5.13554,5.1496,5.12108,5.13388,5.13388,0.0
2021-01-29,5.14153,5.14475,5.10301,5.14168,5.14168,0.0
2021-02-01,5.10485,5.12735,5.09603,5.10429,5.10429,0.0
2021-02-02,5.10898,5.11906,5.06481,5.10843,5.10843,0.0
2021-02-03,5.08424,5.10584,5.07562,5.08313,5.08313,0.0
2021-02-04,5.08326,5.13637,5.0755,5.08311,5.08311,0.0
2021-02-05,5.14103,5.15001,5.1114,5.14083,5.14083,0.0
2021-02-08,5.11096,5.11874,5.0936,5.11101,5.11101,0.0
2021-02-09,5.10235,5.11309,5.08942,5.10264,5.10264,0.0
2021-02-10,5.10096,5.12568,5.09235,5.09995,5.09995,0.0
2021-02-11,5.12438,5.13837,5.12046,5.1246,5.1246,0.0
2021-02-12,5.12385,5.1453,5.11909,5.12264,5.12264,0.0
2021-02-15,5.14412,5.14955,5.13097,5.14284,5.14284,0.0
2021-02-16,5.14268,5.16682,5.1333,5.14225,5.14225,0.0
2021-02-17,5.16416,5.18495,5.15766,5.16257,5.16257,0.0
2021-02-18,5.16785,5.19272,5.16025,5.16652,5.16652,0.0
2021-02-19,5.18482,5.18738,5.16829,5.18429,5.18429,0.0
2021-02-22,5.18679,5.20552,5.17727,5.18728,5.18728,0.0
2021-02-23,5.19776,5.22945,5.19491,5.19797,5.19797,0.0
2021-02-24,5.23719,5.2717,5.23325,5.23654,5.23654,0.0
2021-02-25,5.23551,5.24364,5.20599,5.23531,5.23531,0.0
2021-02-26,5.2034,5.21509,5.17064,5.20325,5.20325,0.0
2021-03-01,5.22267,5.25391,5.21692,5.22151,5.22151,0.0
2021-03-02,5.2374,5.25233,5.23143,5.23685,5.23685,0.0
2021-03-03,5.23677,5.27359,5.2361,5.23678,5.23678,0.0
2021-03-04,5.25046,5.29647,5.25046,5.2507,5.2507,0.0
2021-03-05,5.29339,5.33381,5.29101,5.29349,5.29349,0.0
2021-03-08,5.32243,5.36835,5.31828,5.32455,5.32455,0.0
2021-03-09,5.35941,5.36785,5.33785,5.35922,5.35922,0.0
2021-03-10,5.32926,5.35273,5.32926,5.32954,5.32954,0.0
2021-03-11,5.34461,5.35898,5.31789,5.34399,5.34399,0.0
2021-03-12,5.34776,5.36555,5.32792,5.34606,5.34606,0.0
2021-03-15,5.33619,5.35931,5.33376,5.33495,5.33495,0.0
2021-03-16,5.34641,5.36549,5.31474,5.34637,5.34637,0.0
2021-03-17,5.36489,5.39441,5.35891,5.36488,5.36488,0.0
2021-03-18,5.36031,5.41891,5.35197,5.36011,5.36011,0.0
2021-03-19,5.39419,5.41292,5.37208,5.39609,5.39609,0.0
2021-03-22,5.37933,5.38767,5.33101,5.37898,5.37898,0.0
2021-03-23,5.33445,5.36677,5.32471,5.33512,5.33512,0.0
2021-03-24,5.35656,5.37553,5.34395,5.35528,5.35528,0.0
2021-03-25,5.35858,5.4133,5.35504,5.35866,5.35866,0.0
2021-03-26,5.40448,5.43669,5.40389,5.40697,5.40697,0.0
2021-03-29,5.41816,5.47639,5.41486,5.41925,5.41925,0.0
2021-03-30,5.45918,5.46595,5.43482,5.45969,5.45969,0.0
2021-03-31,5.45675,5.47877,5.43842,5.45584,5.45584,0.0
2021-04-01,5.43765,5.4462,5.38755,5.44083,5.44083,0.0
2021-04-02,5.3865,5.41446,5.37984,5.38702,5.38702,0.0
2021-04-05,5.40868,5.43203,5.39026,5.40791,5.40791,0.0
2021-04-06,5.40635,5.41239,5.36642,5.40176,5.40176,0.0
2021-04-07,5.34359,5.34958,5.27923,5.34423,5.34423,0.0
2021-04-08,5.29046,5.30073,5.24001,5.29021,5.29021,0.0
2021-04-09,5.23432,5.26068,5.22456,5.23581,5.23581,0.0
2021-04-12,5.2202,5.24324,5.20578,5.2207,5.2207,0.0
2021-04-13,5.22988,5.28694,5.22544,5.22989,5.22989,0.0
2021-04-14,5.2525,5.26085,5.23372,5.25199,5.25199,0.0
2021-04-15,5.23428,5.25517,5.23008,5.23327,5.23327,0.0
2021-04-16,5.24061,5.24707,5.20955,5.23916,5.23916,0.0
2021-04-19,5.24071,5.2972,5.24071,5.2413,5.2413,0.0
2021-04-20,5.2857,5.29104,5.26591,5.28563,5.28563,0.0
2021-04-21,5.27032,5.28827,5.26585,5.27046,5.27046,0.0
2021-04-22,5.27151,5.27696,5.23489,5.27082,5.27082,0.0
2021-04-23,5.25595,5.26371,5.22821,5.2553,5.2553,0.0
2021-04-26,5.21962,5.24722,5.21871,5.21862,5.21862,0.0
2021-04-27,5.24268,5.26829,5.23466,5.24133,5.24133,0.0
2021-04-28,5.25263,5.28307,5.24837,5.25277,5.25277,0.0
2021-04-29,5.24822,5.28133,5.24431,5.25896,5.25896,0.0
2021-04-30,5.25291,5.2603,5.22855,5.25273,5.25273,0.0
2021-05-03,5.23722,5.2479,5.22816,5.23675,5.23675,0.0
2021-05-04,5.23509,5.2672,5.23214,5.23435,5.23435,0.0
2021-05-05,5.26077,5.307,5.26077,5.26197,5.26197,0.0
2021-05-06,5.29755,5.30976,5.25923,5.29718,5.29718,0.0
2021-05-07,5.26212,5.28157,5.23337,5.26133,5.26133,0.0
2021-05-10,5.24938,5.30994,5.24823,5.25011,5.25011,0.0
2021-05-11,5.30077,5.31887,5.27989,5.30484,5.30484,0.0
2021-05-12,5.28147,5.30785,5.27876,5.28242,5.28242,0.0
2021-05-13,5.29909,5.3029,5.25511,5.29929,5.29929,0.0
2021-05-14,5.26099,5.26842,5.24681,5.26077,5.26077,0.0
2021-05-17,5.25193,5.27302,5.2498,5.25112,5.25112,0.0
2021-05-18,5.26867,5.27744,5.25053,5.268,5.268,0.0
2021-05-19,5.24671,5.26084,5.23161,5.24682,5.24682,0.0
2021-05-20,5.24205,5.24504,5.20799,5.2426,5.2426,0.0
2021-05-21,5.21519,5.23068,5.20489,5.21431,5.21431,0.0
2021-05-24,5.21422,5.22008,5.18562,5.2144,5.2144,0.0
2021-05-25,5.19313,5.19889,5.16566,5.19264,5.19264,0.0
2021-05-26,5.17386,5.21216,5.17202,5.17368,5.17368,0.0
2021-05-27,5.20817,5.22306,5.18648,5.20818,5.20818,0.0
2021-05-28,5.22979,5.23503,5.20613,5.2295,5.2295,0.0
2021-05-31,5.21331,5.2187,5.20217,5.2128,5.2128,0.0
2021-06-01,5.20706,5.21581,5.15765,5.20766,5.20766,0.0
2021-06-02,5.16647,5.19162,5.16359,5.16545,5.16545,0.0
2021-06-03,5.17091,5.19167,5.16855,5.17063,5.17063,0.0
2021-06-04,5.1868,5.21828,5.18042,5.1876,5.1876,0.0
2021-06-07,5.1844,5.20381,5.16034,5.18457,5.18457,0.0
2021-06-08,5.19102,5.19663,5.17565,5.19166,5.19166,0.0
2021-06-09,5.185,5.19369,5.15727,5.18574,5.18574,0.0
2021-06-10,5.18257,5.2017,5.17848,5.18173,5.18173,0.0
2021-06-11,5.19898,5.24008,5.19308,5.19879,5.19879,0.0
2021-06-14,5.24184,5.25868,5.22137,5.2416,5.2416,0.0
2021-06-15,5.25912,5.27394,5.24312,5.25842,5.25842,0.0
2021-06-16,5.24606,5.2734,5.2418,5.25474,5.25474,0.0
2021-06-17,5.27506,5.32245,5.27251,5.27573,5.27573,0.0
2021-06-18,5.33075,5.33363,5.28779,5.33056,5.33056,0.0
2021-06-21,5.29601,5.30059,5.27784,5.29583,5.29583,0.0
2021-06-22,5.29056,5.2979,5.27157,5.29051,5.29051,0.0
2021-06-23,5.2744,5.30152,5.26914,5.27283,5.27283,0.0
2021-06-24,5.29998,5.30596,5.26579,5.30006,5.30006,0.0
2021-06-25,5.27059,5.27441,5.23941,5.26984,5.26984,0.0
2021-06-28,5.24837,5.26301,5.2365,5.24831,5.24831,0.0
2021-06-29,5.23621,5.25901,5.23061,5.23591,5.23591,0.0
2021-06-30,5.255,5.27288,5.23484,5.25369,5.25369,0.0
2021-07-01,5.27326,5.27585,5.23504,5.2729,5.2729,0.0
2021-07-02,5.24004,5.26876,5.24004,5.24302,5.24302,0.0
2021-07-05,5.26108,5.26901,5.25156,5.26102,5.26102,0.0
2021-07-06,5.25471,5.26834,5.25133,5.25466,5.25466,0.0
2021-07-07,5.26817,5.29952,5.26279,5.26867,5.26867,0.0
2021-07-08,5.28498,5.3042,5.26037,5.30359,5.30359,0.0
2021-07-09,5.28108,5.31243,5.27636,5.28099,5.28099,0.0
2021-07-12,5.31963,5.33247,5.30658,5.31957,5.31957,0.0
2021-07-13,5.32638,5.36662,5.32532,5.32625,5.32625,0.0
2021-07-14,5.36406,5.3949,5.35861,5.36614,5.36614,0.0
2021-07-15,5.34446,5.37419,5.3361,5.34397,5.34397,0.0
2021-07-16,5.35839,5.37901,5.34309,5.35786,5.35786,0.0
2021-07-19,5.33986,5.35083,5.3147,5.33999,5.33999,0.0
2021-07-20,5.32482,5.33143,5.30108,5.32543,5.32543,0.0
2021-07-21,5.31423,5.33034,5.30838,5.31272,5.31272,0.0
2021-07-22,5.319,5.34084,5.31157,5.31903,5.31903,0.0
2021-07-23,5.3374,5.35014,5.32675,5.33687,5.33687,0.0
2021-07-26,5.34592,5.37961,5.34085,5.34656,5.34656,0.0
2021-07-27,5.37792,5.39332,5.36001,5.37774,5.37774,0.0
2021-07-28,5.39813,5.40814,5.38903,5.39729,5.39729,0.0
2021-07-29,5.3937,5.40019,5.37354,5.39209,5.39209,0.0
2021-07-30,5.36424,5.37659,5.34652,5.36456,5.36456,0.0
2021-08-02,5.34602,5.35437,5.3231,5.34509,5.34509,0.0
2021-08-03,5.3313,5.33848,5.32409,5.33082,5.33082,0.0
2021-08-04,5.33598,5.35165,5.31673,5.33538,5.33538,0.0
2021-08-05,5.32833,5.36034,5.32833,5.32817,5.32817,0.0
2021-08-06,5.34963,5.39275,5.34765,5.34923,5.34923,0.0
2021-08-09,5.39677,5.3994,5.37978,5.39623,5.39623,0.0
2021-08-10,5.38267,5.41446,5.37493,5.38319,5.38319,0.0
2021-08-11,5.40204,5.41876,5.39969,5.4004,5.4004,0.0
2021-08-12,5.40682,5.42235,5.3916,5.40555,5.40555,0.0
2021-08-13,5.37962,5.38617,5.36021,5.38159,5.38159,0.0
2021-08-16,5.36489,5.37935,5.35734,5.36497,5.36497,0.0
2021-08-17,5.35623,5.36083,5.34156,5.35659,5.35659,0.0
2021-08-18,5.34511,5.36122,5.33871,5.35218,5.35218,0.0
2021-08-19,5.34902,5.36986,5.34875,5.34891,5.34891,0.0
2021-08-20,5.34687,5.35649,5.33792,5.34656,5.34656,0.0
2021-08-23,5.32768,5.35915,5.32639,5.3285,5.3285,0.0
2021-08-24,5.35313,5.36121,5.33342,5.35321,5.35321,0.0
2021-08-25,5.33973,5.34807,5.33271,5.33875,5.33875,0.0
2021-08-26,5.34718,5.34765,5.33117,5.346,5.346,0.0
2021-08-27,5.32826,5.34751,5.29857,5.3295,5.3295,0.0
2021-08-30,5.33481,5.34273,5.31488,5.33488,5.33488,0.0
2021-08-31,5.31401,5.31755,5.26346,5.31309,5.31309,0.0
2021-09-01,5.26533,5.27791,5.23512,5.2645,5.2645,0.0
2021-09-02,5.24219,5.26181,5.23919,5.24098,5.24098,0.0
2021-09-03,5.25629,5.26426,5.24902,5.25638,5.25638,0.0
2021-09-06,5.25461,5.27886,5.25325,5.25507,5.25507,0.0
2021-09-07,5.27039,5.27612,5.24325,5.26959,5.26959,0.0
2021-09-08,5.24846,5.26582,5.24094,5.24833,5.24833,0.0
2021-09-09,5.26101,5.32944,5.25665,5.26111,5.26111,0.0
2021-09-10,5.31449,5.33395,5.31153,5.31517,5.31517,0.0
2021-09-13,5.32162,5.34675,5.3136,5.32107,5.32107,0.0
2021-09-14,5.32844,5.35132,5.31988,5.32738,5.32738,0.0
2021-09-15,5.32393,5.34514,5.31405,5.32159,5.32159,0.0
2021-09-16,5.33837,5.38131,5.33612,5.34649,5.34649,0.0
2021-09-17,5.36202,5.37931,5.35421,5.36077,5.36077,0.0
2021-09-20,5.37043,5.37741,5.35791,5.37006,5.37006,0.0
2021-09-21,5.36297,5.39155,5.35712,5.3636,5.3636,0.0
2021-09-22,5.38187,5.38959,5.36919,5.38185,5.38185,0.0
2021-09-23,5.38134,5.39837,5.35711,5.37987,5.37987,0.0
2021-09-24,5.38612,5.39614,5.36951,5.38681,5.38681,0.0
2021-09-27,5.37044,5.38908,5.36212,5.3687,5.3687,0.0
2021-09-28,5.38509,5.4059,5.35363,5.38556,5.38556,0.0
2021-09-29,5.37007,5.37657,5.34858,5.36971,5.36971,0.0
2021-09-30,5.35813,5.39582,5.33637,5.35994,5.35994,0.0
2021-10-01,5.35757,5.36753,5.33012,5.35724,5.35724,0.0
2021-10-04,5.35272,5.38201,5.32261,5.35047,5.35047,0.0
2021-10-05,5.37344,5.42535,5.36267,5.37729,5.37729,0.0
2021-10-06,5.40871,5.43264,5.34516,5.40819,5.40819,0.0
2021-10-07,5.34858,5.39966,5.33538,5.34845,5.34845,0.0
2021-10-08,5.40188,5.44703,5.40054,5.40175,5.40175,0.0
2021-10-11,5.41892,5.44016,5.39454,5.4177,5.4177,0.0
2021-10-12,5.39234,5.40357,5.3818,5.39139,5.39139,0.0
2021-10-13,5.39489,5.40482,5.38548,5.39593,5.39593,0.0
2021-10-14,5.39033,5.40829,5.38544,5.38988,5.38988,0.0
2021-10-15,5.39281,5.41649,5.38556,5.39229,5.39229,0.0
2021-10-18,5.41177,5.42985,5.40995,5.4123,5.4123,0.0
2021-10-19,5.42171,5.4423,5.40322,5.42132,5.42132,0.0
2021-10-20,5.43338,5.44637,5.4163,5.43238,5.43238,0.0
2021-10-21,5.43316,5.46657,5.42719,5.43388,5.43388,0.0
2021-10-22,5.46279,5.46844,5.43758,5.46278,5.46278,0.0
2021-10-25,5.43362,5.47706,5.42943,5.43273,5.43273,0.0
2021-10-26,5.46925,5.48377,5.46282,5.46899,5.46899,0.0
2021-10-27,5.46886,5.47323,5.45987,5.46797,5.46797,0.0
2021-10-28,5.46857,5.49479,5.45176,5.46843,5.46843,0.0
2021-10-29,5.45875,5.47239,5.45143,5.45899,5.45899,0.0
2021-11-01,5.45673,5.46588,5.44308,5.45489,5.45489,0.0
2021-11-02,5.43303,5.44074,5.41054,5.43238,5.43238,0.0
2021-11-03,5.41374,5.42229,5.39648,5.41372,5.41372,0.0
2021-11-04,5.40101,5.43666,5.37227,5.40135,5.40135,0.0
2021-11-05,5.37566,5.38234,5.35034,5.37563,5.37563,0.0
2021-11-08,5.36191,5.38299,5.345,5.36164,5.36164,0.0
2021-11-09,5.37386,5.38995,5.36238,5.37354,5.37354,0.0
2021-11-10,5.36869,5.40865,5.36642,5.3683,5.3683,0.0
2021-11-11,5.37823,5.41888,5.37718,5.3786,5.3786,0.0
2021-11-12,5.40907,5.44083,5.40729,5.40805,5.40805,0.0
2021-11-15,5.4382,5.4653,5.41562,5.43856,5.43856,0.0
2021-11-16,5.48268,5.52947,5.46972,5.48193,5.48193,0.0
2021-11-17,5.51762,5.55207,5.51337,5.51668,5.51668,0.0
2021-11-18,5.55359,5.55723,5.53043,5.55239,5.55239,0.0
2021-11-19,5.54114,5.58714,5.54108,5.54117,5.54117,0.0
2021-11-22,5.57852,5.62627,5.57629,5.58038,5.58038,0.0
2021-11-23,5.60727,5.61661,5.57504,5.6058,5.6058,0.0
2021-11-24,5.5927,5.59775,5.56188,5.59362,5.59362,0.0
2021-11-25,5.56556,5.56915,5.53195,5.56441,5.56441,0.0
2021-11-26,5.55256,5.57465,5.54008,5.55344,5.55344,0.0
2021-11-29,5.55625,5.56729,5.52689,5.55574,5.55574,0.0
2021-11-30,5.51801,5.5188,5.46564,5.51729,5.51729,0.0
2021-12-01,5.4619,5.47021,5.41879,5.46038,5.46038,0.0
2021-12-02,5.42286,5.42782,5.38499,5.42234,5.42234,0.0
2021-12-03,5.40442,5.43357,5.37588,5.40533,5.40533,0.0
2021-12-06,5.37854,5.40453,5.37468,5.38132,5.38132,0.0
2021-12-07,5.39658,5.41582,5.38772,5.39445,5.39445,0.0
2021-12-08,5.38238,5.39112,5.34615,5.38196,5.38196,0.0
2021-12-09,5.36396,5.39419,5.3625,5.36415,5.36415,0.0
2021-12-10,5.38755,5.41796,5.37918,5.38852,5.38852,0.0
2021-12-13,5.40804,5.4398,5.40416,5.40754,5.40754,0.0
2021-12-14,5.42992,5.43964,5.41582,5.42923,5.42923,0.0
2021-12-15,5.43865,5.44913,5.42401,5.43713,5.43713,0.0
2021-12-16,5.42508,5.46984,5.41969,5.42603,5.42603,0.0
2021-12-17,5.44346,5.45597,5.43017,5.43936,5.43936,0.0
2021-12-20,5.44741,5.44969,5.41038,5.44622,5.44622,0.0
2021-12-21,5.41398,5.44006,5.41095,5.41825,5.41825,0.0
2021-12-22,5.43046,5.46211,5.42625,5.43035,5.43035,0.0
2021-12-23,5.45707,5.50307,5.45017,5.45684,5.45684,0.0
2021-12-24,5.47502,5.48162,5.4557,5.4742,5.4742,0.0
2021-12-27,5.46634,5.48177,5.44602,5.46777,5.46777,0.0
2021-12-28,5.45645,5.47183,5.4472,5.45602,5.45602,0.0
2021-12-29,5.4562,5.47606,5.45595,5.45594,5.45594,0.0
2021-12-30,5.4595,5.4869,5.45859,5.45898,5.45898,0.0
2021-12-31,5.47121,5.48594,5.45195,5.47213,5.47213,0.0
2022-01-03,5.45426,5.4679,5.44552,5.45514,5.45514,0.0
2022-01-04,5.45606,5.47942,5.44876,5.45559,5.45559,0.0
2022-01-05,5.47099,5.47972,5.45466,5.47076,5.47076,0.0
2022-01-06,5.47675,5.48363,5.44305,5.47693,5.47693,0.0
2022-01-07,5.45582,5.46203,5.4315,5.4545,5.4545,0.0
2022-01-10,5.43852,5.45502,5.43103,5.43834,5.43834,0.0
2022-01-11,5.43992,5.45845,5.43635,5.43979,5.43979,0.0
2022-01-12,5.44042,5.44999,5.42296,5.44077,5.44077,0.0
2022-01-13,5.41818,5.44216,5.41483,5.41555,5.41555,0.0
2022-01-14,5.43197,5.44196,5.42358,5.43137,5.43137,0.0
2022-01-17,5.43437,5.44035,5.40669,5.43709,5.43709,0.0
2022-01-18,5.41056,5.4341,5.39852,5.41104,5.41104,0.0
2022-01-19,5.43931,5.45256,5.42782,5.44034,5.44034,0.0
2022-01-20,5.42347,5.4445,5.41734,5.42311,5.42311,0.0
2022-01-21,5.43877,5.4403,5.40678,5.43876,5.43876,0.0
2022-01-24,5.41116,5.44864,5.40436,5.41094,5.41094,0.0
2022-01-25,5.43588,5.4953,5.43215,5.43511,5.43511,0.0
2022-01-26,5.47423,5.49756,5.47106,5.47367,5.47367,0.0
2022-01-27,5.49051,5.50007,5.4536,5.49053,5.49053,0.0
2022-01-28,5.47429,5.52537,5.47378,5.47235,5.47235,0.0
2022-01-31,5.50652,5.53408,5.48485,5.50556,5.50556,0.0
2022-02-01,5.48195,5.49611,5.46853,5.48197,5.48197,0.0
2022-02-02,5.48122,5.48687,5.43928,5.47983,5.47983,0.0
2022-02-03,5.44714,5.46312,5.38792,5.44686,5.44686,0.0
2022-02-04,5.39713,5.40732,5.36304,5.3963,5.3963,0.0
2022-02-07,5.38183,5.39865,5.3601,5.38212,5.38212,0.0
2022-02-08,5.36496,5.39256,5.36147,5.36361,5.36361,0.0
2022-02-09,5.36796,5.37591,5.31998,5.36607,5.36607,0.0
2022-02-10,5.32295,5.35463,5.31582,5.32299,5.32299,0.0
2022-02-11,5.34526,5.4055,5.34255,5.3444,5.3444,0.0
2022-02-14,5.45167,5.47377,5.41608,5.45188,5.45188,0.0
2022-02-15,5.44769,5.44816,5.34981,5.44673,5.44673,0.0
2022-02-16,5.35855,5.37619,5.3405,5.3577,5.3577,0.0
2022-02-17,5.37733,5.42599,5.37086,5.3759,5.3759,0.0
2022-02-18,5.41618,5.44213,5.40102,5.41616,5.41616,0.0
2022-02-21,5.43333,5.45007,5.39976,5.43406,5.43406,0.0
2022-02-22,5.46139,5.47395,5.4176,5.46178,5.46178,0.0
2022-02-23,5.45234,5.48783,5.42871,5.45201,5.45201,0.0
2022-02-24,5.49507,5.64272,5.49347,5.49353,5.49353,0.0
2022-02-25,5.52166,5.59209,5.50735,5.52218,5.52218,0.0
2022-02-28,5.61603,5.64009,5.58458,5.62099,5.62099,0.0
2022-03-01,5.60706,5.77292,5.59438,5.60696,5.60696,0.0
2022-03-02,5.65743,5.79927,5.63834,5.65396,5.65396,0.0
2022-03-03,5.70747,5.79562,5.70335,5.70811,5.70811,0.0
2022-03-04,5.8028,5.91631,5.78891,5.80383,5.80383,0.0
2022-03-07,5.98999,6.07237,5.96012,5.98992,5.98992,0.0
2022-03-08,5.99164,6.0252,5.8467,5.99117,5.99117,0.0
2022-03-09,5.84348,5.87796,5.65085,5.84288,5.84288,0.0
2022-03-10,5.67129,5.78322,5.66986,5.66831,5.66831,0.0
2022-03-11,5.68018,5.72622,5.66739,5.67771,5.67771,0.0
2022-03-14,5.69435,5.70798,5.60428,5.69473,5.69473,0.0
2022-03-15,5.6136,5.64564,5.58346,5.61501,5.61501,0.0
2022-03-16,5.59064,5.61393,5.5553,5.59014,5.59014,0.0
2022-03-17,5.55333,5.60464,5.52562,5.55196,5.55196,0.0
2022-03-18,5.54148,5.62799,5.53916,5.54034,5.54034,0.0
2022-03-21,5.61266,5.62085,5.55966,5.61236,5.61236,0.0
2022-03-22,5.60458,5.64624,5.60347,5.60714,5.60714,0.0
2022-03-23,5.62361,5.66791,5.62229,5.62107,5.62107,0.0
2022-03-24,5.65939,5.7065,5.63894,5.65608,5.65608,0.0
2022-03-25,5.70978,5.71888,5.65076,5.7097,5.7097,0.0
2022-03-28,5.62215,5.66616,5.59506,5.6218,5.6218,0.0
2022-03-29,5.58897,5.60637,5.47927,5.59122,5.59122,0.0
2022-03-30,5.48711,5.53045,5.46123,5.488,5.488,0.0
2022-03-31,5.46149,5.52327,5.44857,5.46182,5.46182,0.0
2022-04-01,5.50308,5.52324,5.4995,5.50508,5.50508,0.0
2022-04-04,5.49649,5.53656,5.49408,5.49788,5.49788,0.0
2022-04-05,5.505,5.58062,5.49975,5.50527,5.50527,0.0
2022-04-06,5.5487,5.5886,5.51939,5.54968,5.54968,0.0
2022-04-07,5.57437,5.59609,5.53417,5.57695,5.57695,0.0
2022-04-08,5.57158,5.57786,5.53368,5.5724,5.5724,0.0
2022-04-11,5.54874,5.5804,5.52597,5.54966,5.54966,0.0
2022-04-12,5.5758,5.59145,5.55832,5.57756,5.57756,0.0
2022-04-13,5.56367,5.58109,5.5572,5.56358,5.56358,0.0
2022-04-14,5.58148,5.63813,5.57418,5.58086,5.58086,0.0
2022-04-15,5.59414,5.6114,5.58631,5.59852,5.59852,0.0
2022-04-18,5.58632,5.59996,5.55996,5.58533,5.58533,0.0
2022-04-19,5.57459,5.61187,5.56253,5.57439,5.57439,0.0
2022-04-20,5.59611,5.61319,5.5522,5.59504,5.59504,0.0
2022-04-21,5.5823,5.5886,5.57554,5.58087,5.58087,0.0
