date,price,excise,surcharge
2017-01-04,3727.0,1540.0,129.41
2017-01-05,3725.0,1540.0,129.41
2017-01-06,3717.0,1540.0,129.41
2017-01-10,3703.0,1540.0,129.41
2017-01-11,3681.0,1540.0,129.41
2017-01-12,3688.0,1540.0,129.41
2017-01-13,3694.0,1540.0,129.41
2017-01-14,3695.0,1540.0,129.41
2017-01-17,3702.0,1540.0,129.41
2017-01-18,3700.0,1540.0,129.41
2017-01-19,3693.0,1540.0,129.41
2017-01-20,3684.0,1540.0,129.41
2017-01-21,3684.0,1540.0,129.41
2017-01-24,3682.0,1540.0,129.41
2017-01-25,3693.0,1540.0,129.41
2017-01-26,3688.0,1540.0,129.41
2017-01-27,3691.0,1540.0,129.41
2017-01-28,3685.0,1540.0,129.41
2017-01-31,3674.0,1540.0,129.41
2017-02-01,3688.0,1540.0,129.41
2017-02-02,3708.0,1540.0,129.41
2017-02-03,3696.0,1540.0,129.41
2017-02-04,3696.0,1540.0,129.41
2017-02-07,3689.0,1540.0,129.41
2017-02-08,3681.0,1540.0,129.41
2017-02-09,3691.0,1540.0,129.41
2017-02-10,3702.0,1540.0,129.41
2017-02-11,3749.0,1540.0,129.41
2017-02-13,3749.0,1540.0,129.41
2017-02-14,3735.0,1540.0,129.41
2017-02-15,3735.0,1540.0,129.41
2017-02-16,3735.0,1540.0,129.41
2017-02-17,3723.0,1540.0,129.41
2017-02-18,3710.0,1540.0,129.41
2017-02-21,3707.0,1540.0,129.41
2017-02-22,3721.0,1540.0,129.41
2017-02-23,3702.0,1540.0,129.41
2017-02-24,3707.0,1540.0,129.41
2017-02-25,3701.0,1540.0,129.41
2017-02-28,3700.0,1540.0,129.41
2017-03-01,3687.0,1540.0,129.41
2017-03-02,3680.0,1540.0,129.41
2017-03-03,3658.0,1540.0,129.41
2017-03-04,3644.0,1540.0,129.41
2017-03-07,3625.0,1540.0,129.41
2017-03-08,3629.0,1540.0,129.41
2017-03-09,3627.0,1540.0,129.41
2017-03-10,3606.0,1540.0,129.41
2017-03-11,3591.0,1540.0,129.41
2017-03-14,3575.0,1540.0,129.41
2017-03-15,3550.0,1540.0,129.41
2017-03-16,3531.0,1540.0,129.41
2017-03-17,3526.0,1540.0,129.41
2017-03-18,3530.0,1540.0,129.41
2017-03-21,3550.0,1540.0,129.41
2017-03-22,3530.0,1540.0,129.41
2017-03-23,3526.0,1540.0,129.41
2017-03-24,3539.0,1540.0,129.41
2017-03-25,3547.0,1540.0,129.41
2017-03-28,3555.0,1540.0,129.41
2017-03-29,3566.0,1540.0,129.41
2017-03-30,3590.0,1540.0,129.41
2017-03-31,3617.0,1540.0,129.41
2017-04-01,3625.0,1540.0,129.41
2017-04-04,3649.0,1540.0,129.41
2017-04-05,3696.0,1540.0,129.41
2017-04-06,3692.0,1540.0,129.41
2017-04-07,3701.0,1540.0,129.41
2017-04-08,3706.0,1540.0,129.41
2017-04-11,3722.0,1540.0,129.41
2017-04-12,3724.0,1540.0,129.41
2017-04-13,3737.0,1540.0,129.41
2017-04-14,3732.0,1540.0,129.41
2017-04-19,3723.0,1540.0,129.41
2017-04-20,3714.0,1540.0,129.41
2017-04-21,3698.0,1540.0,129.41
2017-04-22,3677.0,1540.0,129.41
2017-04-25,3647.0,1540.0,129.41
2017-04-26,3623.0,1540.0,129.41
2017-04-27,3600.0,1540.0,129.41
2017-04-28,3571.0,1540.0,129.41
2017-04-29,3546.0,1540.0,129.41
2017-05-03,3528.0,1540.0,129.41
2017-05-05,3491.0,1540.0,129.41
2017-05-06,3485.0,1540.0,129.41
2017-05-09,3474.0,1540.0,129.41
2017-05-10,3471.0,1540.0,129.41
2017-05-11,3510.0,1540.0,129.41
2017-05-12,3539.0,1540.0,129.41
2017-05-13,3547.0,1540.0,129.41
2017-05-16,3564.0,1540.0,129.41
2017-05-17,3550.0,1540.0,129.41
2017-05-18,3545.0,1540.0,129.41
2017-05-19,3542.0,1540.0,129.41
2017-05-20,3550.0,1540.0,129.41
2017-05-23,3557.0,1540.0,129.41
2017-05-24,3550.0,1540.0,129.41
2017-05-25,3554.0,1540.0,129.41
2017-05-26,3544.0,1540.0,129.41
2017-05-27,3532.0,1540.0,129.41
2017-05-31,3524.0,1540.0,129.41
2017-06-01,3513.0,1540.0,129.41
2017-06-02,3524.0,1540.0,129.41
2017-06-03,3507.0,1540.0,129.41
2017-06-06,3494.0,1540.0,129.41
2017-06-07,3484.0,1540.0,129.41
2017-06-08,3473.0,1540.0,129.41
2017-06-09,3455.0,1540.0,129.41
2017-06-10,3459.0,1540.0,129.41
2017-06-13,3443.0,1540.0,129.41
2017-06-14,3433.0,1540.0,129.41
2017-06-15,3420.0,1540.0,129.41
2017-06-17,3394.0,1540.0,129.41
2017-06-20,3396.0,1540.0,129.41
2017-06-21,3391.0,1540.0,129.41
2017-06-22,3395.0,1540.0,129.41
2017-06-23,3412.0,1540.0,129.41
2017-06-24,3410.0,1540.0,129.41
2017-06-27,3404.0,1540.0,129.41
2017-06-28,3415.0,1540.0,129.41
2017-06-29,3413.0,1540.0,129.41
2017-06-30,3433.0,1540.0,129.41
2017-07-01,3430.0,1540.0,129.41
2017-07-04,3471.0,1540.0,129.41
2017-07-05,3495.0,1540.0,129.41
2017-07-06,3483.0,1540.0,129.41
2017-07-07,3485.0,1540.0,129.41
2017-07-08,3470.0,1540.0,129.41
2017-07-11,3463.0,1540.0,129.41
2017-07-12,3455.0,1540.0,129.41
2017-07-13,3457.0,1540.0,129.41
2017-07-14,3473.0,1540.0,129.41
2017-07-15,3474.0,1540.0,129.41
2017-07-18,3474.0,1540.0,129.41
2017-07-19,3472.0,1540.0,129.41
2017-07-20,3479.0,1540.0,129.41
2017-07-21,3499.0,1540.0,129.41
2017-07-22,3475.0,1540.0,129.41
2017-07-25,3468.0,1540.0,129.41
2017-07-26,3462.0,1540.0,129.41
2017-07-27,3467.0,1540.0,129.41
2017-07-28,3474.0,1540.0,129.41
2017-07-29,3499.0,1540.0,129.41
2017-08-01,3522.0,1540.0,129.41
2017-08-02,3507.0,1540.0,129.41
2017-08-03,3504.0,1540.0,129.41
2017-08-04,3509.0,1540.0,129.41
2017-08-05,3505.0,1540.0,129.41
2017-08-08,3499.0,1540.0,129.41
2017-08-09,3506.0,1540.0,129.41
2017-08-10,3505.0,1540.0,129.41
2017-08-11,3520.0,1540.0,129.41
2017-08-12,3526.0,1540.0,129.41
2017-08-15,3516.0,1540.0,129.41
2017-08-17,3505.0,1540.0,129.41
2017-08-18,3495.0,1540.0,129.41
2017-08-19,3510.0,1540.0,129.41
2017-08-22,3509.0,1540.0,129.41
2017-08-23,3509.0,1540.0,129.41
2017-08-24,3515.0,1540.0,129.41
2017-08-25,3540.0,1540.0,129.41
2017-08-26,3538.0,1540.0,129.41
2017-08-30,3535.0,1540.0,129.41
2017-08-31,3615.0,1540.0,129.41
2017-09-01,3729.0,1540.0,129.41
2017-09-02,3696.0,1540.0,129.41
2017-09-03,3696.0,1540.0,129.41
2017-09-05,3673.0,1540.0,129.41
2017-09-06,3666.0,1540.0,129.41
2017-09-07,3665.0,1540.0,129.41
2017-09-08,3655.0,1540.0,129.41
2017-09-09,3640.0,1540.0,129.41
2017-09-12,3622.0,1540.0,129.41
2017-09-13,3610.0,1540.0,129.41
2017-09-14,3595.0,1540.0,129.41
2017-09-15,3588.0,1540.0,129.41
2017-09-16,3584.0,1540.0,129.41
2017-09-19,3575.0,1540.0,129.41
2017-09-20,3564.0,1540.0,129.41
2017-09-21,3554.0,1540.0,129.41
2017-09-22,3550.0,1540.0,129.41
2017-09-23,3538.0,1540.0,129.41
2017-09-26,3575.0,1540.0,129.41
2017-09-27,3579.0,1540.0,129.41
2017-09-28,3562.0,1540.0,129.41
2017-09-29,3553.0,1540.0,129.41
2017-09-30,3546.0,1540.0,129.41
2017-10-03,3526.0,1540.0,129.41
2017-10-04,3510.0,1540.0,129.41
2017-10-05,3510.0,1540.0,129.41
2017-10-06,3577.0,1540.0,129.41
2017-10-07,3563.0,1540.0,129.41
2017-10-10,3556.0,1540.0,129.41
2017-10-11,3553.0,1540.0,129.41
2017-10-12,3550.0,1540.0,129.41
2017-10-13,3535.0,1540.0,129.41
2017-10-14,3531.0,1540.0,129.41
2017-10-17,3527.0,1540.0,129.41
2017-10-18,3520.0,1540.0,129.41
2017-10-19,3519.0,1540.0,129.41
2017-10-20,3525.0,1540.0,129.41
2017-10-21,3546.0,1540.0,129.41
2017-10-24,3556.0,1540.0,129.41
2017-10-25,3555.0,1540.0,129.41
2017-10-26,3567.0,1540.0,129.41
2017-10-27,3577.0,1540.0,129.41
2017-10-28,3605.0,1540.0,129.41
2017-10-31,3623.0,1540.0,129.41
2017-11-01,3646.0,1540.0,129.41
2017-11-03,3689.0,1540.0,129.41
2017-11-04,3712.0,1540.0,129.41
2017-11-07,3751.0,1540.0,129.41
2017-11-08,3774.0,1540.0,129.41
2017-11-09,3796.0,1540.0,129.41
2017-11-10,3793.0,1540.0,129.41
2017-11-11,3788.0,1540.0,129.41
2017-11-14,3786.0,1540.0,129.41
2017-11-15,3753.0,1540.0,129.41
2017-11-16,3707.0,1540.0,129.41
2017-11-17,3659.0,1540.0,129.41
2017-11-18,3653.0,1540.0,129.41
2017-11-21,3639.0,1540.0,129.41
2017-11-22,3644.0,1540.0,129.41
2017-11-23,3650.0,1540.0,129.41
2017-11-24,3652.0,1540.0,129.41
2017-11-25,3668.0,1540.0,129.41
2017-11-28,3663.0,1540.0,129.41
2017-11-29,3659.0,1540.0,129.41
2017-11-30,3648.0,1540.0,129.41
2017-12-01,3645.0,1540.0,129.41
2017-12-02,3642.0,1540.0,129.41
2017-12-05,3631.0,1540.0,129.41
2017-12-06,3617.0,1540.0,129.41
2017-12-07,3601.0,1540.0,129.41
2017-12-08,3596.0,1540.0,129.41
2017-12-09,3607.0,1540.0,129.41
2017-12-12,3621.0,1540.0,129.41
2017-12-13,3642.0,1540.0,129.41
2017-12-14,3637.0,1540.0,129.41
2017-12-15,3635.0,1540.0,129.41
2017-12-16,3636.0,1540.0,129.41
2017-12-19,3637.0,1540.0,129.41
2017-12-20,3639.0,1540.0,129.41
2017-12-21,3645.0,1540.0,129.41
2017-12-22,3644.0,1540.0,129.41
2017-12-23,3643.0,1540.0,129.41
2017-12-28,3650.0,1540.0,129.41
2017-12-29,3655.0,1540.0,129.41
2017-12-30,3649.0,1540.0,129.41
2018-01-01,3651.0,1540.0,131.4
2018-01-03,3628.0,1540.0,131.4
2018-01-04,3632.0,1540.0,131.4
2018-01-05,3632.0,1540.0,131.4
2018-01-06,3621.0,1540.0,131.4
2018-01-09,3632.0,1540.0,131.4
2018-01-10,3654.0,1540.0,131.4
2018-01-11,3678.0,1540.0,131.4
2018-01-12,3698.0,1540.0,131.4
2018-01-13,3681.0,1540.0,131.4
2018-01-16,3671.0,1540.0,131.4
2018-01-17,3654.0,1540.0,131.4
2018-01-18,3653.0,1540.0,131.4
2018-01-19,3656.0,1540.0,131.4
2018-01-20,3656.0,1540.0,131.4
2018-01-23,3665.0,1540.0,131.4
2018-01-24,3679.0,1540.0,131.4
2018-01-25,3681.0,1540.0,131.4
2018-01-26,3681.0,1540.0,131.4
2018-01-27,3679.0,1540.0,131.4
2018-01-30,3678.0,1540.0,131.4
2018-01-31,3672.0,1540.0,131.4
2018-02-01,3664.0,1540.0,131.4
2018-02-02,3666.0,1540.0,131.4
2018-02-03,3657.0,1540.0,131.4
2018-02-06,3656.0,1540.0,131.4
2018-02-07,3633.0,1540.0,131.4
2018-02-08,3615.0,1540.0,131.4
2018-02-09,3589.0,1540.0,131.4
2018-02-10,3574.0,1540.0,131.4
2018-02-13,3554.0,1540.0,131.4
2018-02-14,3526.0,1540.0,131.4
2018-02-15,3504.0,1540.0,131.4
2018-02-16,3488.0,1540.0,131.4
2018-02-17,3490.0,1540.0,131.4
2018-02-20,3502.0,1540.0,131.4
2018-02-21,3518.0,1540.0,131.4
2018-02-22,3532.0,1540.0,131.4
2018-02-23,3539.0,1540.0,131.4
2018-02-24,3541.0,1540.0,131.4
2018-02-27,3555.0,1540.0,131.4
2018-02-28,3558.0,1540.0,131.4
2018-03-01,3556.0,1540.0,131.4
2018-03-02,3552.0,1540.0,131.4
2018-03-03,3531.0,1540.0,131.4
2018-03-06,3527.0,1540.0,131.4
2018-03-07,3511.0,1540.0,131.4
2018-03-08,3511.0,1540.0,131.4
2018-03-09,3491.0,1540.0,131.4
2018-03-10,3495.0,1540.0,131.4
2018-03-13,3510.0,1540.0,131.4
2018-03-14,3531.0,1540.0,131.4
2018-03-15,3549.0,1540.0,131.4
2018-03-16,3560.0,1540.0,131.4
2018-03-17,3582.0,1540.0,131.4
2018-03-20,3609.0,1540.0,131.4
2018-03-21,3640.0,1540.0,131.4
2018-03-22,3688.0,1540.0,131.4
2018-03-23,3719.0,1540.0,131.4
2018-03-24,3753.0,1540.0,131.4
2018-03-27,3749.0,1540.0,131.4
2018-03-28,3754.0,1540.0,131.4
2018-03-29,3757.0,1540.0,131.4
2018-03-30,3753.0,1540.0,131.4
2018-03-31,3753.0,1540.0,131.4
2018-04-04,3745.0,1540.0,131.4
2018-04-05,3730.0,1540.0,131.4
2018-04-06,3729.0,1540.0,131.4
2018-04-07,3718.0,1540.0,131.4
2018-04-10,3720.0,1540.0,131.4
2018-04-11,3732.0,1540.0,131.4
2018-04-12,3758.0,1540.0,131.4
2018-04-13,3776.0,1540.0,131.4
2018-04-14,3781.0,1540.0,131.4
2018-04-17,3771.0,1540.0,131.4
2018-04-18,3763.0,1540.0,131.4
2018-04-19,3768.0,1540.0,131.4
2018-04-20,3779.0,1540.0,131.4
2018-04-21,3796.0,1540.0,131.4
2018-04-24,3811.0,1540.0,131.4
2018-04-25,3832.0,1540.0,131.4
2018-04-26,3851.0,1540.0,131.4
2018-04-27,3869.0,1540.0,131.4
2018-04-28,3882.0,1540.0,131.4
2018-05-01,3900.0,1540.0,131.4
2018-05-03,3903.0,1540.0,131.4
2018-05-05,3920.0,1540.0,131.4
2018-05-09,3929.0,1540.0,131.4
2018-05-10,3964.0,1540.0,131.4
2018-05-11,3989.0,1540.0,131.4
2018-05-12,4021.0,1540.0,131.4
2018-05-15,4023.0,1540.0,131.4
2018-05-16,4039.0,1540.0,131.4
2018-05-17,4060.0,1540.0,131.4
2018-05-18,4101.0,1540.0,131.4
2018-05-19,4120.0,1540.0,131.4
2018-05-22,4134.0,1540.0,131.4
2018-05-23,4140.0,1540.0,131.4
2018-05-24,4144.0,1540.0,131.4
2018-05-25,4138.0,1540.0,131.4
2018-05-26,4123.0,1540.0,131.4
2018-05-31,4120.0,1540.0,131.4
2018-06-02,4106.0,1540.0,131.4
2018-06-05,4073.0,1540.0,131.4
2018-06-06,4048.0,1540.0,131.4
2018-06-07,4002.0,1540.0,131.4
2018-06-08,3992.0,1540.0,131.4
2018-06-09,4006.0,1540.0,131.4
2018-06-12,4003.0,1540.0,131.4
2018-06-13,4003.0,1540.0,131.4
2018-06-14,4012.0,1540.0,131.4
2018-06-15,3996.0,1540.0,131.4
2018-06-16,3983.0,1540.0,131.4
2018-06-19,3975.0,1540.0,131.4
2018-06-20,3981.0,1540.0,131.4
2018-06-21,3987.0,1540.0,131.4
2018-06-22,3990.0,1540.0,131.4
2018-06-23,3987.0,1540.0,131.4
2018-06-26,3987.0,1540.0,131.4
2018-06-27,3990.0,1540.0,131.4
2018-06-28,4021.0,1540.0,131.4
2018-06-29,4058.0,1540.0,131.4
2018-06-30,4103.0,1540.0,131.4
2018-07-03,4102.0,1540.0,131.4
2018-07-04,4097.0,1540.0,131.4
2018-07-05,4103.0,1540.0,131.4
2018-07-06,4096.0,1540.0,131.4
2018-07-07,4089.0,1540.0,131.4
2018-07-10,4085.0,1540.0,131.4
2018-07-11,4091.0,1540.0,131.4
2018-07-12,4082.0,1540.0,131.4
2018-07-13,4054.0,1540.0,131.4
2018-07-14,4054.0,1540.0,131.4
2018-07-17,3999.0,1540.0,131.4
2018-07-18,3973.0,1540.0,131.4
2018-07-19,3975.0,1540.0,131.4
2018-07-20,3984.0,1540.0,131.4
2018-07-21,4012.0,1540.0,131.4
2018-07-24,4037.0,1540.0,131.4
2018-07-25,4061.0,1540.0,131.4
2018-07-26,4078.0,1540.0,131.4
2018-07-27,4096.0,1540.0,131.4
2018-07-28,4115.0,1540.0,131.4
2018-07-31,4115.0,1540.0,131.4
2018-08-01,4112.0,1540.0,131.4
2018-08-02,4116.0,1540.0,131.4
2018-08-03,4117.0,1540.0,131.4
2018-08-04,4118.0,1540.0,131.4
2018-08-07,4117.0,1540.0,131.4
2018-08-08,4111.0,1540.0,131.4
2018-08-09,4080.0,1540.0,131.4
2018-08-10,4044.0,1540.0,131.4
2018-08-11,4053.0,1540.0,131.4
2018-08-14,4059.0,1540.0,131.4
2018-08-15,4088.0,1540.0,131.4
2018-08-17,4082.0,1540.0,131.4
2018-08-18,4086.0,1540.0,131.4
2018-08-21,4087.0,1540.0,131.4
2018-08-22,4085.0,1540.0,131.4
2018-08-23,4094.0,1540.0,131.4
2018-08-24,4100.0,1540.0,131.4
2018-08-25,4122.0,1540.0,131.4
2018-08-29,4120.0,1540.0,131.4
2018-08-30,4120.0,1540.0,131.4
2018-08-31,4127.0,1540.0,131.4
2018-09-01,4137.0,1540.0,131.4
2018-09-04,4159.0,1540.0,131.4
2018-09-05,4150.0,1540.0,131.4
2018-09-06,4133.0,1540.0,131.4
2018-09-07,4093.0,1540.0,131.4
2018-09-08,4069.0,1540.0,131.4
2018-09-11,4065.0,1540.0,131.4
2018-09-12,4069.0,1540.0,131.4
2018-09-13,4082.0,1540.0,131.4
2018-09-14,4075.0,1540.0,131.4
2018-09-15,4061.0,1540.0,131.4
2018-09-18,4031.0,1540.0,131.4
2018-09-19,4018.0,1540.0,131.4
2018-09-20,4013.0,1540.0,131.4
2018-09-21,4017.0,1540.0,131.4
2018-09-22,4012.0,1540.0,131.4
2018-09-25,4030.0,1540.0,131.4
2018-09-26,4038.0,1540.0,131.4
2018-09-27,4035.0,1540.0,131.4
2018-09-28,4042.0,1540.0,131.4
2018-09-29,4052.0,1540.0,131.4
2018-10-02,4082.0,1540.0,131.4
2018-10-03,4093.0,1540.0,131.4
2018-10-04,4116.0,1540.0,131.4
2018-10-05,4117.0,1540.0,131.4
2018-10-06,4116.0,1540.0,131.4
2018-10-09,4101.0,1540.0,131.4
2018-10-10,4090.0,1540.0,131.4
2018-10-11,4063.0,1540.0,131.4
2018-10-12,4017.0,1540.0,131.4
2018-10-13,3961.0,1540.0,131.4
2018-10-16,3925.0,1540.0,131.4
2018-10-17,3936.0,1540.0,131.4
2018-10-18,3940.0,1540.0,131.4
2018-10-19,3955.0,1540.0,131.4
2018-10-20,3963.0,1540.0,131.4
2018-10-23,3975.0,1540.0,131.4
2018-10-24,3963.0,1540.0,131.4
2018-10-25,3935.0,1540.0,131.4
2018-10-26,3906.0,1540.0,131.4
2018-10-27,3896.0,1540.0,131.4
2018-10-30,3910.0,1540.0,131.4
2018-10-31,3924.0,1540.0,131.4
2018-11-01,3936.0,1540.0,131.4
2018-11-02,3912.0,1540.0,131.4
2018-11-03,3862.0,1540.0,131.4
2018-11-06,3817.0,1540.0,131.4
2018-11-07,3792.0,1540.0,131.4
2018-11-08,3772.0,1540.0,131.4
2018-11-09,3749.0,1540.0,131.4
2018-11-10,3733.0,1540.0,131.4
2018-11-14,3731.0,1540.0,131.4
2018-11-15,3714.0,1540.0,131.4
2018-11-16,3693.0,1540.0,131.4
2018-11-17,3690.0,1540.0,131.4
2018-11-20,3678.0,1540.0,131.4
2018-11-21,3644.0,1540.0,131.4
2018-11-22,3615.0,1540.0,131.4
2018-11-23,3579.0,1540.0,131.4
2018-11-24,3531.0,1540.0,131.4
2018-11-27,3494.0,1540.0,131.4
2018-11-28,3508.0,1540.0,131.4
2018-11-29,3475.0,1540.0,131.4
2018-11-30,3464.0,1540.0,131.4
2018-12-01,3471.0,1540.0,131.4
2018-12-04,3472.0,1540.0,131.4
2018-12-05,3482.0,1540.0,131.4
2018-12-06,3516.0,1540.0,131.4
2018-12-07,3500.0,1540.0,131.4
2018-12-08,3546.0,1540.0,131.4
2018-12-11,3525.0,1540.0,131.4
2018-12-12,3519.0,1540.0,131.4
2018-12-13,3534.0,1540.0,131.4
2018-12-14,3529.0,1540.0,131.4
2018-12-15,3521.0,1540.0,131.4
2018-12-18,3516.0,1540.0,131.4
2018-12-19,3486.0,1540.0,131.4
2018-12-20,3449.0,1540.0,131.4
2018-12-21,3435.0,1540.0,131.4
2018-12-22,3401.0,1540.0,131.4
2018-12-24,3410.0,1540.0,131.4
2018-12-28,3415.0,1540.0,131.4
2018-12-29,3399.0,1540.0,131.4
2019-01-01,3401.0,1540.0,133.21
2019-01-03,3428.0,1540.0,133.21
2019-01-04,3442.0,1540.0,133.21
2019-01-05,3473.0,1540.0,133.21
2019-01-08,3477.0,1540.0,133.21
2019-01-09,3478.0,1540.0,133.21
2019-01-10,3499.0,1540.0,133.21
2019-01-11,3522.0,1540.0,133.21
2019-01-12,3537.0,1540.0,133.21
2019-01-15,3542.0,1540.0,133.21
2019-01-16,3535.0,1540.0,133.21
2019-01-17,3527.0,1540.0,133.21
2019-01-18,3516.0,1540.0,133.21
2019-01-19,3523.0,1540.0,133.21
2019-01-22,3533.0,1540.0,133.21
2019-01-23,3538.0,1540.0,133.21
2019-01-24,3533.0,1540.0,133.21
2019-01-25,3519.0,1540.0,133.21
2019-01-26,3511.0,1540.0,133.21
2019-01-29,3497.0,1540.0,133.21
2019-01-30,3495.0,1540.0,133.21
2019-01-31,3507.0,1540.0,133.21
2019-02-01,3527.0,1540.0,133.21
2019-02-02,3549.0,1540.0,133.21
2019-02-05,3566.0,1540.0,133.21
2019-02-06,3573.0,1540.0,133.21
2019-02-07,3580.0,1540.0,133.21
2019-02-08,3570.0,1540.0,133.21
2019-02-09,3567.0,1540.0,133.21
2019-02-12,3566.0,1540.0,133.21
2019-02-13,3576.0,1540.0,133.21
2019-02-14,3617.0,1540.0,133.21
2019-02-15,3644.0,1540.0,133.21
2019-02-16,3695.0,1540.0,133.21
2019-02-19,3721.0,1540.0,133.21
2019-02-20,3732.0,1540.0,133.21
2019-02-21,3743.0,1540.0,133.21
2019-02-22,3746.0,1540.0,133.21
2019-02-23,3746.0,1540.0,133.21
2019-02-26,3736.0,1540.0,133.21
2019-02-27,3698.0,1540.0,133.21
2019-02-28,3709.0,1540.0,133.21
2019-03-01,3700.0,1540.0,133.21
2019-03-02,3692.0,1540.0,133.21
2019-03-05,3696.0,1540.0,133.21
2019-03-06,3722.0,1540.0,133.21
2019-03-07,3743.0,1540.0,133.21
2019-03-08,3763.0,1540.0,133.21
2019-03-09,3746.0,1540.0,133.21
2019-03-12,3757.0,1540.0,133.21
2019-03-13,3760.0,1540.0,133.21
2019-03-14,3768.0,1540.0,133.21
2019-03-15,3777.0,1540.0,133.21
2019-03-16,3766.0,1540.0,133.21
2019-03-19,3781.0,1540.0,133.21
2019-03-20,3787.0,1540.0,133.21
2019-03-21,3800.0,1540.0,133.21
2019-03-22,3826.0,1540.0,133.21
2019-03-23,3861.0,1540.0,133.21
2019-03-26,3914.0,1540.0,133.21
2019-03-27,3966.0,1540.0,133.21
2019-03-28,3985.0,1540.0,133.21
2019-03-29,3994.0,1540.0,133.21
2019-03-30,4010.0,1540.0,133.21
2019-04-02,4015.0,1540.0,133.21
2019-04-03,4048.0,1540.0,133.21
2019-04-04,4051.0,1540.0,133.21
2019-04-05,4062.0,1540.0,133.21
2019-04-06,4068.0,1540.0,133.21
2019-04-09,4081.0,1540.0,133.21
2019-04-10,4090.0,1540.0,133.21
2019-04-11,4124.0,1540.0,133.21
2019-04-12,4142.0,1540.0,133.21
2019-04-13,4153.0,1540.0,133.21
2019-04-16,4153.0,1540.0,133.21
2019-04-17,4121.0,1540.0,133.21
2019-04-18,4128.0,1540.0,133.21
2019-04-19,4142.0,1540.0,133.21
2019-04-24,4175.0,1540.0,133.21
2019-04-25,4202.0,1540.0,133.21
2019-04-26,4231.0,1540.0,133.21
2019-04-27,4224.0,1540.0,133.21
2019-04-30,4227.0,1540.0,133.21
2019-05-01,4239.0,1540.0,133.21
2019-05-03,4233.0,1540.0,133.21
2019-05-08,4211.0,1540.0,133.21
2019-05-09,4191.0,1540.0,133.21
2019-05-10,4178.0,1540.0,133.21
2019-05-11,4212.0,1540.0,133.21
2019-05-14,4202.0,1540.0,133.21
2019-05-15,4203.0,1540.0,133.21
2019-05-16,4244.0,1540.0,133.21
2019-05-17,4274.0,1540.0,133.21
2019-05-18,4324.0,1540.0,133.21
2019-05-21,4343.0,1540.0,133.21
2019-05-22,4347.0,1540.0,133.21
2019-05-23,4325.0,1540.0,133.21
2019-05-24,4292.0,1540.0,133.21
2019-05-25,4256.0,1540.0,133.21
2019-05-28,4256.0,1540.0,133.21
2019-05-29,4269.0,1540.0,133.21
2019-05-30,4249.0,1540.0,133.21
2019-05-31,4232.0,1540.0,133.21
2019-06-01,4176.0,1540.0,133.21
2019-06-04,4094.0,1540.0,133.21
2019-06-05,4014.0,1540.0,133.21
2019-06-06,3932.0,1540.0,133.21
2019-06-07,3895.0,1540.0,133.21
2019-06-08,3875.0,1540.0,133.21
2019-06-11,3878.0,1540.0,133.21
2019-06-12,3887.0,1540.0,133.21
2019-06-13,3885.0,1540.0,133.21
2019-06-14,3888.0,1540.0,133.21
2019-06-15,3894.0,1540.0,133.21
2019-06-18,3893.0,1540.0,133.21
2019-06-19,3895.0,1540.0,133.21
2019-06-20,3886.0,1540.0,133.21
2019-06-22,3913.0,1540.0,133.21
2019-06-25,3930.0,1540.0,133.21
2019-06-26,3945.0,1540.0,133.21
2019-06-27,3973.0,1540.0,133.21
2019-06-28,4012.0,1540.0,133.21
2019-06-29,4002.0,1540.0,133.21
2019-07-02,3998.0,1540.0,133.21
2019-07-03,3989.0,1540.0,133.21
2019-07-04,3977.0,1540.0,133.21
2019-07-05,3985.0,1540.0,133.21
2019-07-06,4001.0,1540.0,133.21
2019-07-09,4016.0,1540.0,133.21
2019-07-10,4032.0,1540.0,133.21
2019-07-11,4064.0,1540.0,133.21
2019-07-12,4102.0,1540.0,133.21
2019-07-13,4111.0,1540.0,133.21
2019-07-16,4083.0,1540.0,133.21
2019-07-17,4062.0,1540.0,133.21
2019-07-18,4043.0,1540.0,133.21
2019-07-19,3998.0,1540.0,133.21
2019-07-20,3978.0,1540.0,133.21
2019-07-23,3985.0,1540.0,133.21
2019-07-24,3991.0,1540.0,133.21
2019-07-25,4025.0,1540.0,133.21
2019-07-26,4026.0,1540.0,133.21
2019-07-27,4022.0,1540.0,133.21
2019-07-30,4038.0,1540.0,133.21
2019-07-31,4056.0,1540.0,133.21
2019-08-01,4096.0,1540.0,133.21
2019-08-02,4093.0,1540.0,133.21
2019-08-03,4082.0,1540.0,133.21
2019-08-06,4064.0,1540.0,133.21
2019-08-07,4046.0,1540.0,133.21
2019-08-08,3999.0,1540.0,133.21
2019-08-09,3958.0,1540.0,133.21
2019-08-10,3929.0,1540.0,133.21
2019-08-13,3928.0,1540.0,133.21
2019-08-14,3992.0,1540.0,133.21
2019-08-15,3964.0,1540.0,133.21
2019-08-17,3956.0,1540.0,133.21
2019-08-20,3952.0,1540.0,133.21
2019-08-21,3948.0,1540.0,133.21
2019-08-22,3973.0,1540.0,133.21
2019-08-23,3972.0,1540.0,133.21
2019-08-24,3965.0,1540.0,133.21
2019-08-28,3959.0,1540.0,133.21
2019-08-29,4007.0,1540.0,133.21
2019-08-30,3989.0,1540.0,133.21
2019-08-31,3968.0,1540.0,133.21
2019-09-04,3941.0,1540.0,133.21
2019-09-05,3925.0,1540.0,133.21
2019-09-06,3965.0,1540.0,133.21
2019-09-07,3933.0,1540.0,133.21
2019-09-10,3927.0,1540.0,133.21
2019-09-11,3928.0,1540.0,133.21
2019-09-12,3923.0,1540.0,133.21
2019-09-13,3904.0,1540.0,133.21
2019-09-14,3895.0,1540.0,133.21
2019-09-17,3956.0,1540.0,133.21
2019-09-18,4027.0,1540.0,133.21
2019-09-19,4012.0,1540.0,133.21
2019-09-20,4011.0,1540.0,133.21
2019-09-21,4014.0,1540.0,133.21
2019-09-24,4007.0,1540.0,133.21
2019-09-25,3997.0,1540.0,133.21
2019-09-26,3984.0,1540.0,133.21
2019-09-27,3978.0,1540.0,133.21
2019-09-28,3993.0,1540.0,133.21
2019-10-01,4013.0,1540.0,133.21
2019-10-02,4009.0,1540.0,133.21
2019-10-03,3992.0,1540.0,133.21
2019-10-04,3981.0,1540.0,133.21
2019-10-05,3987.0,1540.0,133.21
2019-10-08,3992.0,1540.0,133.21
2019-10-09,3978.0,1540.0,133.21
2019-10-10,3946.0,1540.0,133.21
2019-10-11,3906.0,1540.0,133.21
2019-10-12,3910.0,1540.0,133.21
2019-10-15,3886.0,1540.0,133.21
2019-10-16,3877.0,1540.0,133.21
2019-10-17,3865.0,1540.0,133.21
2019-10-18,3856.0,1540.0,133.21
2019-10-19,3856.0,1540.0,133.21
2019-10-22,3849.0,1540.0,133.21
2019-10-23,3857.0,1540.0,133.21
2019-10-24,3846.0,1540.0,133.21
2019-10-25,3872.0,1540.0,133.21
2019-10-26,3876.0,1540.0,133.21
2019-10-29,3888.0,1540.0,133.21
2019-10-30,3899.0,1540.0,133.21
2019-10-31,3905.0,1540.0,133.21
2019-11-01,3868.0,1540.0,133.21
2019-11-05,3912.0,1540.0,133.21
2019-11-06,3950.0,1540.0,133.21
2019-11-07,3948.0,1540.0,133.21
2019-11-08,3940.0,1540.0,133.21
2019-11-09,3906.0,1540.0,133.21
2019-11-13,3895.0,1540.0,133.21
2019-11-14,3901.0,1540.0,133.21
2019-11-15,3906.0,1540.0,133.21
2019-11-16,3898.0,1540.0,133.21
2019-11-19,3872.0,1540.0,133.21
2019-11-20,3853.0,1540.0,133.21
2019-11-21,3874.0,1540.0,133.21
2019-11-22,3889.0,1540.0,133.21
2019-11-23,3918.0,1540.0,133.21
2019-11-26,3922.0,1540.0,133.21
2019-11-27,3938.0,1540.0,133.21
2019-11-28,3943.0,1540.0,133.21
2019-11-29,3951.0,1540.0,133.21
2019-11-30,3940.0,1540.0,133.21
2019-12-03,3917.0,1540.0,133.21
2019-12-04,3876.0,1540.0,133.21
2019-12-05,3858.0,1540.0,133.21
2019-12-06,3867.0,1540.0,133.21
2019-12-07,3875.0,1540.0,133.21
2019-12-10,3888.0,1540.0,133.21
2019-12-11,3897.0,1540.0,133.21
2019-12-12,3891.0,1540.0,133.21
2019-12-13,3886.0,1540.0,133.21
2019-12-14,3880.0,1540.0,133.21
2019-12-17,3890.0,1540.0,133.21
2019-12-18,3893.0,1540.0,133.21
2019-12-19,3901.0,1540.0,133.21
2019-12-20,3911.0,1540.0,133.21
2019-12-21,3921.0,1540.0,133.21
2019-12-24,3926.0,1540.0,133.21
2019-12-25,3937.0,1540.0,133.21
2019-12-28,3951.0,1540.0,133.21
2019-12-31,3935.0,1540.0,133.21
2020-01-01,3917.0,1537.0,138.49
2020-01-03,3925.0,1537.0,138.49
2020-01-04,3945.0,1537.0,138.49
2020-01-08,3946.0,1537.0,138.49
2020-01-09,3929.0,1537.0,138.49
2020-01-10,3882.0,1537.0,138.49
2020-01-11,3907.0,1537.0,138.49
2020-01-13,3907.0,1537.0,138.49
2020-01-14,3901.0,1537.0,138.49
2020-01-15,3898.0,1537.0,138.49
2020-01-16,3907.0,1537.0,138.49
2020-01-17,3907.0,1537.0,138.49
2020-01-18,3900.0,1537.0,138.49
2020-01-21,3907.0,1537.0,138.49
2020-01-22,3907.0,1537.0,138.49
2020-01-23,3897.0,1537.0,138.49
2020-01-24,3877.0,1537.0,138.49
2020-01-25,3835.0,1537.0,138.49
2020-01-28,3797.0,1537.0,138.49
2020-01-29,3798.0,1537.0,138.49
2020-01-30,3804.0,1537.0,138.49
2020-01-31,3783.0,1537.0,138.49
2020-02-01,3789.0,1537.0,138.49
2020-02-04,3758.0,1537.0,138.49
2020-02-05,3752.0,1537.0,138.49
2020-02-06,3753.0,1537.0,138.49
2020-02-07,3747.0,1537.0,138.49
2020-02-08,3761.0,1537.0,138.49
2020-02-11,3758.0,1537.0,138.49
2020-02-12,3755.0,1537.0,138.49
2020-02-13,3757.0,1537.0,138.49
2020-02-14,3769.0,1537.0,138.49
2020-02-15,3773.0,1537.0,138.49
2020-02-18,3783.0,1537.0,138.49
2020-02-19,3784.0,1537.0,138.49
2020-02-20,3809.0,1537.0,138.49
2020-02-21,3844.0,1537.0,138.49
2020-02-22,3843.0,1537.0,138.49
2020-02-25,3847.0,1537.0,138.49
2020-02-26,3796.0,1537.0,138.49
2020-02-27,3747.0,1537.0,138.49
2020-02-28,3682.0,1537.0,138.49
2020-02-29,3616.0,1537.0,138.49
2020-03-01,3616.0,1520.0,155.49
2020-03-03,3599.0,1520.0,155.49
2020-03-04,3596.0,1520.0,155.49
2020-03-05,3593.0,1520.0,155.49
2020-03-06,3601.0,1520.0,155.49
2020-03-07,3552.0,1520.0,155.49
2020-03-10,3429.0,1520.0,155.49
2020-03-11,3357.0,1520.0,155.49
2020-03-12,3271.0,1520.0,155.49
2020-03-13,3155.0,1520.0,155.49
2020-03-14,3087.0,1520.0,155.49
2020-03-17,2995.0,1520.0,155.49
2020-03-18,2932.0,1520.0,155.49
2020-03-19,2890.0,1520.0,155.49
2020-03-20,2884.0,1520.0,155.49
2020-03-21,2887.0,1520.0,155.49
2020-03-24,2848.0,1520.0,155.49
2020-03-25,2817.0,1520.0,155.49
2020-03-26,2783.0,1520.0,155.49
2020-03-27,2814.0,1520.0,155.49
2020-03-28,2807.0,1520.0,155.49
2020-03-31,2800.0,1520.0,155.49
2020-04-01,2807.0,1520.0,155.49
2020-04-02,2770.0,1520.0,155.49
2020-04-03,2788.0,1520.0,155.49
2020-04-04,2807.0,1520.0,155.49
2020-04-07,2844.0,1520.0,155.49
2020-04-08,2833.0,1520.0,155.49
2020-04-09,2817.0,1520.0,155.49
2020-04-10,2808.0,1520.0,155.49
2020-04-15,2812.0,1520.0,155.49
2020-04-16,2816.0,1520.0,155.49
2020-04-17,2832.0,1520.0,155.49
2020-04-18,2837.0,1520.0,155.49
2020-04-21,2826.0,1520.0,155.49
2020-04-22,2761.0,1520.0,155.49
2020-04-23,2729.0,1520.0,155.49
2020-04-24,2762.0,1520.0,155.49
2020-04-25,2738.0,1520.0,155.49
2020-04-28,2718.0,1520.0,155.49
2020-04-29,2705.0,1520.0,155.49
2020-04-30,2743.0,1520.0,155.49
2020-05-01,2787.0,1520.0,155.49
2020-05-02,2802.0,1520.0,155.49
2020-05-05,2788.0,1520.0,155.49
2020-05-06,2842.0,1520.0,155.49
2020-05-07,2881.0,1520.0,155.49
2020-05-08,2962.0,1520.0,155.49
2020-05-12,3005.0,1520.0,155.49
2020-05-13,3032.0,1520.0,155.49
2020-05-14,3021.0,1520.0,155.49
2020-05-15,3031.0,1520.0,155.49
2020-05-16,3061.0,1520.0,155.49
2020-05-19,3170.0,1520.0,155.49
2020-05-20,3199.0,1520.0,155.49
2020-05-21,3226.0,1520.0,155.49
2020-05-22,3252.0,1520.0,155.49
2020-05-23,3239.0,1520.0,155.49
2020-05-27,3239.0,1520.0,155.49
2020-05-28,3229.0,1520.0,155.49
2020-05-29,3211.0,1520.0,155.49
2020-05-30,3207.0,1520.0,155.49
2020-06-02,3178.0,1520.0,155.49
2020-06-03,3202.0,1520.0,155.49
2020-06-04,3233.0,1520.0,155.49
2020-06-05,3286.0,1520.0,155.49
2020-06-06,3333.0,1520.0,155.49
2020-06-09,3365.0,1520.0,155.49
2020-06-10,3365.0,1520.0,155.49
2020-06-11,3373.0,1520.0,155.49
2020-06-13,3373.0,1520.0,155.49
2020-06-15,3359.0,1520.0,155.49
2020-06-16,3362.0,1520.0,155.49
2020-06-17,3376.0,1520.0,155.49
2020-06-18,3408.0,1520.0,155.49
2020-06-19,3452.0,1520.0,155.49
2020-06-20,3496.0,1520.0,155.49
2020-06-23,3507.0,1520.0,155.49
2020-06-24,3530.0,1520.0,155.49
2020-06-25,3507.0,1520.0,155.49
2020-06-26,3507.0,1520.0,155.49
2020-06-27,3474.0,1520.0,155.49
2020-06-30,3463.0,1520.0,155.49
2020-07-01,3461.0,1520.0,155.49
2020-07-02,3487.0,1520.0,155.49
2020-07-03,3505.0,1520.0,155.49
2020-07-04,3522.0,1520.0,155.49
2020-07-06,3522.0,1520.0,155.49
2020-07-07,3536.0,1520.0,155.49
2020-07-08,3551.0,1520.0,155.49
2020-07-09,3559.0,1520.0,155.49
2020-07-10,3559.0,1520.0,155.49
2020-07-11,3566.0,1520.0,155.49
2020-07-14,3556.0,1520.0,155.49
2020-07-15,3543.0,1520.0,155.49
2020-07-16,3520.0,1520.0,155.49
2020-07-17,3511.0,1520.0,155.49
2020-07-18,3498.0,1520.0,155.49
2020-07-21,3482.0,1520.0,155.49
2020-07-22,3496.0,1520.0,155.49
2020-07-23,3489.0,1520.0,155.49
2020-07-24,3475.0,1520.0,155.49
2020-07-25,3467.0,1520.0,155.49
2020-07-28,3448.0,1520.0,155.49
2020-07-29,3436.0,1520.0,155.49
2020-07-30,3427.0,1520.0,155.49
2020-07-31,3409.0,1520.0,155.49
2020-08-01,3382.0,1520.0,155.49
2020-08-04,3388.0,1520.0,155.49
2020-08-05,3390.0,1520.0,155.49
2020-08-06,3409.0,1520.0,155.49
2020-08-07,3431.0,1520.0,155.49
2020-08-08,3445.0,1520.0,155.49
2020-08-11,3458.0,1520.0,155.49
2020-08-12,3462.0,1520.0,155.49
2020-08-13,3478.0,1520.0,155.49
2020-08-14,3483.0,1520.0,155.49
2020-08-15,3482.0,1520.0,155.49
2020-08-18,3485.0,1520.0,155.49
2020-08-19,3483.0,1520.0,155.49
2020-08-20,3476.0,1520.0,155.49
2020-08-21,3479.0,1520.0,155.49
2020-08-22,3473.0,1520.0,155.49
2020-08-25,3491.0,1520.0,155.49
2020-08-26,3511.0,1520.0,155.49
2020-08-27,3517.0,1520.0,155.49
2020-08-28,3515.0,1520.0,155.49
2020-08-29,3507.0,1520.0,155.49
2020-08-31,3486.0,1520.0,155.49
2020-09-02,3483.0,1520.0,155.49
2020-09-03,3471.0,1520.0,155.49
2020-09-04,3460.0,1520.0,155.49
2020-09-05,3444.0,1520.0,155.49
2020-09-08,3443.0,1520.0,155.49
2020-09-09,3421.0,1520.0,155.49
2020-09-10,3418.0,1520.0,155.49
2020-09-11,3400.0,1520.0,155.49
2020-09-12,3386.0,1520.0,155.49
2020-09-15,3381.0,1520.0,155.49
2020-09-16,3380.0,1520.0,155.49
2020-09-17,3397.0,1520.0,155.49
2020-09-18,3450.0,1520.0,155.49
2020-09-19,3486.0,1520.0,155.49
2020-09-22,3465.0,1520.0,155.49
2020-09-23,3468.0,1520.0,155.49
2020-09-24,3450.0,1520.0,155.49
2020-09-25,3454.0,1520.0,155.49
2020-09-26,3464.0,1520.0,155.49
2020-09-29,3486.0,1520.0,155.49
2020-09-30,3484.0,1520.0,155.49
2020-10-01,3484.0,1520.0,155.49
2020-10-02,3475.0,1520.0,155.49
2020-10-03,3462.0,1520.0,155.49
2020-10-06,3471.0,1520.0,155.49
2020-10-07,3482.0,1520.0,155.49
2020-10-08,3483.0,1520.0,155.49
2020-10-09,3499.0,1520.0,155.49
2020-10-10,3488.0,1520.0,155.49
2020-10-13,3473.0,1520.0,155.49
2020-10-14,3453.0,1520.0,155.49
2020-10-15,3456.0,1520.0,155.49
2020-10-16,3448.0,1520.0,155.49
2020-10-17,3439.0,1520.0,155.49
2020-10-20,3420.0,1520.0,155.49
2020-10-21,3424.0,1520.0,155.49
2020-10-22,3369.0,1520.0,155.49
2020-10-23,3382.0,1520.0,155.49
2020-10-24,3367.0,1520.0,155.49
2020-10-27,3359.0,1520.0,155.49
2020-10-28,3362.0,1520.0,155.49
2020-10-29,3329.0,1520.0,155.49
2020-10-30,3300.0,1520.0,155.49
2020-10-31,3243.0,1520.0,155.49
2020-11-03,3252.0,1520.0,155.49
2020-11-04,3256.0,1520.0,155.49
2020-11-05,3270.0,1520.0,155.49
2020-11-06,3270.0,1520.0,155.49
2020-11-07,3270.0,1520.0,155.49
2020-11-10,3285.0,1520.0,155.49
2020-11-11,3307.0,1520.0,155.49
2020-11-13,3332.0,1520.0,155.49
2020-11-14,3321.0,1520.0,155.49
2020-11-17,3307.0,1520.0,155.49
2020-11-18,3318.0,1520.0,155.49
2020-11-19,3324.0,1520.0,155.49
2020-11-20,3320.0,1520.0,155.49
2020-11-21,3321.0,1520.0,155.49
2020-11-24,3329.0,1520.0,155.49
2020-11-25,3364.0,1520.0,155.49
2020-11-26,3391.0,1520.0,155.49
2020-11-27,3402.0,1520.0,155.49
2020-11-28,3408.0,1520.0,155.49
2020-12-01,3400.0,1520.0,155.49
2020-12-02,3391.0,1520.0,155.49
2020-12-03,3392.0,1520.0,155.49
2020-12-04,3395.0,1520.0,155.49
2020-12-05,3396.0,1520.0,155.49
2020-12-08,3401.0,1520.0,155.49
2020-12-09,3405.0,1520.0,155.49
2020-12-10,3402.0,1520.0,155.49
2020-12-11,3416.0,1520.0,155.49
2020-12-12,3420.0,1520.0,155.49
2020-12-15,3415.0,1520.0,155.49
2020-12-16,3418.0,1520.0,155.49
2020-12-17,3421.0,1520.0,155.49
2020-12-18,3428.0,1520.0,155.49
2020-12-19,3443.0,1520.0,155.49
2020-12-22,3447.0,1520.0,155.49
2020-12-23,3438.0,1520.0,155.49
2020-12-24,3451.0,1520.0,155.49
2020-12-25,3451.0,1520.0,155.49
2020-12-30,3451.0,1520.0,155.49
2020-12-31,3465.0,1520.0,155.49
2021-01-01,3489.0,1514.0,165.14
2021-01-05,3485.0,1514.0,165.14
2021-01-06,3504.0,1514.0,165.14
2021-01-08,3547.0,1514.0,165.14
2021-01-09,3573.0,1514.0,165.14
2021-01-12,3599.0,1514.0,165.14
2021-01-13,3628.0,1514.0,165.14
2021-01-14,3635.0,1514.0,165.14
2021-01-15,3636.0,1514.0,165.14
2021-01-16,3642.0,1514.0,165.14
2021-01-19,3638.0,1514.0,165.14
2021-01-20,3637.0,1514.0,165.14
2021-01-21,3640.0,1514.0,165.14
2021-01-22,3639.0,1514.0,165.14
2021-01-23,3632.0,1514.0,165.14
2021-01-25,3632.0,1514.0,165.14
2021-01-26,3628.0,1514.0,165.14
2021-01-27,3634.0,1514.0,165.14
2021-01-28,3640.0,1514.0,165.14
2021-01-29,3637.0,1514.0,165.14
2021-01-30,3643.0,1514.0,165.14
2021-02-02,3640.0,1514.0,165.14
2021-02-03,3655.0,1514.0,165.14
2021-02-04,3678.0,1514.0,165.14
2021-02-05,3708.0,1514.0,165.14
2021-02-06,3729.0,1514.0,165.14
2021-02-09,3741.0,1514.0,165.14
2021-02-10,3733.0,1514.0,165.14
2021-02-11,3730.0,1514.0,165.14
2021-02-12,3735.0,1514.0,165.14
2021-02-13,3742.0,1514.0,165.14
2021-02-16,3761.0,1514.0,165.14
2021-02-17,3777.0,1514.0,165.14
2021-02-18,3811.0,1514.0,165.14
2021-02-19,3829.0,1514.0,165.14
2021-02-20,3858.0,1514.0,165.14
2021-02-23,3867.0,1514.0,165.14
2021-02-24,3882.0,1514.0,165.14
2021-02-25,3909.0,1514.0,165.14
2021-02-26,3929.0,1514.0,165.14
2021-02-27,3948.0,1514.0,165.14
2021-03-02,3963.0,1514.0,165.14
2021-03-03,3976.0,1514.0,165.14
2021-03-04,3975.0,1514.0,165.14
2021-03-05,3995.0,1514.0,165.14
2021-03-06,4030.0,1514.0,165.14
2021-03-09,4071.0,1514.0,165.14
2021-03-10,4072.0,1514.0,165.14
2021-03-11,4072.0,1514.0,165.14
2021-03-12,4090.0,1514.0,165.14
2021-03-13,4115.0,1514.0,165.14
2021-03-16,4124.0,1514.0,165.14
2021-03-17,4123.0,1514.0,165.14
2021-03-18,4111.0,1514.0,165.14
2021-03-19,4077.0,1514.0,165.14
2021-03-20,4038.0,1514.0,165.14
2021-03-23,4041.0,1514.0,165.14
2021-03-24,4025.0,1514.0,165.14
2021-03-25,4044.0,1514.0,165.14
2021-03-26,4047.0,1514.0,165.14
2021-03-27,4069.0,1514.0,165.14
2021-03-30,4091.0,1514.0,165.14
2021-03-31,4101.0,1514.0,165.14
2021-04-01,4131.0,1514.0,165.14
2021-04-02,4126.0,1514.0,165.14
2021-04-07,4119.0,1514.0,165.14
2021-04-08,4084.0,1514.0,165.14
2021-04-09,4056.0,1514.0,165.14
2021-04-10,4038.0,1514.0,165.14
2021-04-13,4043.0,1514.0,165.14
2021-04-14,4055.0,1514.0,165.14
2021-04-15,4080.0,1514.0,165.14
2021-04-16,4105.0,1514.0,165.14
2021-04-17,4122.0,1514.0,165.14
2021-04-20,4130.0,1514.0,165.14
2021-04-21,4097.0,1514.0,165.14
2021-04-22,4084.0,1514.0,165.14
2021-04-23,4054.0,1514.0,165.14
2021-04-24,4056.0,1514.0,165.14
2021-04-27,4033.0,1514.0,165.14
2021-04-28,4036.0,1514.0,165.14
2021-04-29,4042.0,1514.0,165.14
2021-04-30,4056.0,1514.0,165.14
2021-05-01,4072.0,1514.0,165.14
2021-05-04,4068.0,1514.0,165.14
2021-05-05,4101.0,1514.0,165.14
2021-05-06,4129.0,1514.0,165.14
2021-05-07,4138.0,1514.0,165.14
2021-05-08,4126.0,1514.0,165.14
2021-05-11,4108.0,1514.0,165.14
2021-05-12,4113.0,1514.0,165.14
2021-05-13,4124.0,1514.0,165.14
2021-05-14,4095.0,1514.0,165.14
2021-05-15,4086.0,1514.0,165.14
2021-05-18,4096.0,1514.0,165.14
2021-05-19,4099.0,1514.0,165.14
2021-05-20,4052.0,1514.0,165.14
2021-05-21,4041.0,1514.0,165.14
2021-05-22,4034.0,1514.0,165.14
2021-05-25,4047.0,1514.0,165.14
2021-05-26,4049.0,1514.0,165.14
2021-05-27,4057.0,1514.0,165.14
2021-05-28,4081.0,1514.0,165.14
2021-05-29,4104.0,1514.0,165.14
2021-06-02,4111.0,1514.0,165.14
2021-06-03,4124.0,1514.0,165.14
2021-06-05,4137.0,1514.0,165.14
2021-06-06,4125.0,1514.0,165.14
2021-06-08,4134.0,1514.0,165.14
2021-06-09,4143.0,1514.0,165.14
2021-06-10,4148.0,1514.0,165.14
2021-06-11,4160.0,1514.0,165.14
2021-06-12,4168.0,1514.0,165.14
2021-06-15,4212.0,1514.0,165.14
2021-06-16,4229.0,1514.0,165.14
2021-06-17,4249.0,1514.0,165.14
2021-06-18,4270.0,1514.0,165.14
2021-06-19,4301.0,1514.0,165.14
2021-06-21,4312.0,1514.0,165.14
2021-06-22,4327.0,1514.0,165.14
2021-06-23,4359.0,1514.0,165.14
2021-06-24,4375.0,1514.0,165.14
2021-06-25,4399.0,1514.0,165.14
2021-06-26,4389.0,1514.0,165.14
2021-06-29,4388.0,1514.0,165.14
2021-06-30,4399.0,1514.0,165.14
2021-07-01,4431.0,1514.0,165.14
2021-07-02,4463.0,1514.0,165.14
2021-07-03,4497.0,1514.0,165.14
2021-07-06,4513.0,1514.0,165.14
2021-07-07,4495.0,1514.0,165.14
2021-07-08,4477.0,1514.0,165.14
2021-07-09,4476.0,1514.0,165.14
2021-07-10,4521.0,1514.0,165.14
2021-07-13,4525.0,1514.0,165.14
2021-07-14,4541.0,1514.0,165.14
2021-07-15,4570.0,1514.0,165.14
2021-07-16,4544.0,1514.0,165.14
2021-07-17,4536.0,1514.0,165.14
2021-07-20,4509.0,1514.0,165.14
2021-07-21,4475.0,1514.0,165.14
2021-07-22,4446.0,1514.0,165.14
2021-07-23,4456.0,1514.0,165.14
2021-07-24,4461.0,1514.0,165.14
2021-07-27,4493.0,1514.0,165.14
2021-07-28,4530.0,1514.0,165.14
2021-07-29,4545.0,1514.0,165.14
2021-07-30,4557.0,1514.0,165.14
2021-07-31,4560.0,1514.0,165.14
2021-08-03,4529.0,1514.0,165.14
2021-08-04,4539.0,1514.0,165.14
2021-08-05,4504.0,1514.0,165.14
2021-08-06,4516.0,1514.0,165.14
2021-08-07,4518.0,1514.0,165.14
2021-08-10,4494.0,1514.0,165.14
2021-08-11,4499.0,1514.0,165.14
2021-08-12,4498.0,1514.0,165.14
2021-08-13,4497.0,1514.0,165.14
2021-08-14,4492.0,1514.0,165.14
2021-08-17,4468.0,1514.0,165.14
2021-08-18,4449.0,1514.0,165.14
2021-08-19,4424.0,1514.0,165.14
2021-08-20,4370.0,1514.0,165.14
2021-08-21,4356.0,1514.0,165.14
2021-08-24,4362.0,1514.0,165.14
2021-08-25,4382.0,1514.0,165.14
2021-08-26,4428.0,1514.0,165.14
2021-08-27,4455.0,1514.0,165.14
2021-08-28,4485.0,1514.0,165.14
2021-09-01,4507.0,1514.0,165.14
2021-09-02,4482.0,1514.0,165.14
2021-09-03,4487.0,1514.0,165.14
2021-09-04,4483.0,1514.0,165.14
2021-09-07,4468.0,1514.0,165.14
2021-09-08,4467.0,1514.0,165.14
2021-09-09,4472.0,1514.0,165.14
2021-09-10,4456.0,1514.0,165.14
2021-09-11,4461.0,1514.0,165.14
2021-09-14,4464.0,1514.0,165.14
2021-09-15,4462.0,1514.0,165.14
2021-09-16,4466.0,1514.0,165.14
2021-09-17,4469.0,1514.0,165.14
2021-09-18,4465.0,1514.0,165.14
2021-09-21,4467.0,1514.0,165.14
2021-09-22,4447.0,1514.0,165.14
2021-09-23,4465.0,1514.0,165.14
2021-09-24,4462.0,1514.0,165.14
2021-09-25,4502.0,1514.0,165.14
2021-09-28,4537.0,1514.0,165.14
2021-09-29,4569.0,1514.0,165.14
2021-09-30,4609.0,1514.0,165.14
2021-10-01,4656.0,1514.0,165.14
2021-10-02,4673.0,1514.0,165.14
2021-10-04,4658.0,1514.0,165.14
2021-10-05,4680.0,1514.0,165.14
2021-10-06,4709.0,1514.0,165.14
2021-10-07,4744.0,1514.0,165.14
2021-10-08,4734.0,1514.0,165.14
2021-10-09,4762.0,1514.0,165.14
2021-10-12,4783.0,1514.0,165.14
2021-10-13,4777.0,1514.0,165.14
2021-10-14,4813.0,1514.0,165.14
2021-10-15,4811.0,1514.0,165.14
2021-10-16,4817.0,1514.0,165.14
2021-10-18,4806.0,1514.0,165.14
2021-10-19,4808.0,1514.0,165.14
2021-10-20,4791.0,1514.0,165.14
2021-10-21,4811.0,1514.0,165.14
2021-10-22,4797.0,1514.0,165.14
2021-10-23,4807.0,1514.0,165.14
2021-10-25,4803.0,1514.0,165.14
2021-10-26,4826.0,1514.0,165.14
2021-10-27,4854.0,1514.0,165.14
2021-10-28,4850.0,1514.0,165.14
2021-10-29,4832.0,1514.0,165.14
2021-10-30,4867.0,1514.0,165.14
2021-11-01,4867.0,1514.0,165.14
2021-11-03,4880.0,1514.0,165.14
2021-11-04,4882.0,1514.0,165.14
2021-11-05,4890.0,1514.0,165.14
2021-11-06,4877.0,1514.0,165.14
2021-11-09,4869.0,1514.0,165.14
2021-11-10,4876.0,1514.0,165.14
2021-11-11,4878.0,1514.0,165.14
2021-11-13,4883.0,1514.0,165.14
2021-11-16,4914.0,1514.0,165.14
2021-11-17,4912.0,1514.0,165.14
2021-11-18,4840.0,1514.0,165.14
2021-11-19,4763.0,1514.0,165.14
2021-11-20,4688.0,1514.0,165.14
2021-11-23,4718.0,1514.0,165.14
2021-11-24,4727.0,1514.0,165.14
2021-11-25,4734.0,1514.0,165.14
2021-11-26,4716.0,1514.0,165.14
2021-11-27,4588.0,1514.0,165.14
2021-11-30,4523.0,1514.0,165.14
2021-12-01,4457.0,1514.0,165.14
2021-12-02,4466.0,1514.0,165.14
2021-12-03,4427.0,1514.0,165.14
2021-12-04,4412.0,1514.0,165.14
2021-12-06,4412.0,1514.0,165.14
2021-12-07,4402.0,1514.0,165.14
2021-12-08,4509.0,1514.0,165.14
2021-12-09,4537.0,1514.0,165.14
2021-12-10,4566.0,1514.0,165.14
2021-12-11,4567.0,1514.0,165.14
2021-12-14,4591.0,1514.0,165.14
2021-12-15,4588.0,1514.0,165.14
2021-12-16,4576.0,1514.0,165.14
2021-12-17,4581.0,1514.0,165.14
2021-12-18,4564.0,1514.0,165.14
2021-12-20,4419.0,1369.0,165.14
2021-12-21,4387.0,1369.0,165.14
2021-12-22,4367.0,1369.0,165.14
2021-12-23,4336.0,1369.0,165.14
2021-12-24,4371.0,1369.0,165.14
2021-12-25,4364.0,1369.0,165.14
2021-12-30,4446.0,1369.0,165.14
2021-12-31,4460.0,1369.0,165.14
2022-01-01,4480.0,1413.0,152.61
2022-01-05,4475.0,1413.0,152.61
2022-01-06,4492.0,1413.0,152.61
2022-01-08,4502.0,1413.0,152.61
2022-01-10,4502.0,1413.0,152.61
2022-01-11,4506.0,1413.0,152.61
2022-01-12,4521.0,1413.0,152.61
2022-01-13,4528.0,1413.0,152.61
2022-01-14,4523.0,1413.0,152.61
2022-01-15,4552.0,1413.0,152.61
2022-01-18,4549.0,1413.0,152.61
2022-01-19,4571.0,1413.0,152.61
2022-01-20,4584.0,1413.0,152.61
2022-01-21,4631.0,1413.0,152.61
2022-01-22,4638.0,1413.0,152.61
2022-01-25,4616.0,1413.0,152.61
2022-01-26,4656.0,1413.0,152.61
2022-01-27,4742.0,1413.0,152.61
2022-01-28,4759.0,1413.0,152.61
2022-01-29,4806.0,1413.0,152.61
2022-02-01,4808.0,1413.0,152.61
2022-02-02,4791.0,1413.0,152.61
2022-02-03,4784.0,1413.0,152.61
2022-02-04,4790.0,1413.0,152.61
2022-02-05,4832.0,1413.0,152.61
2022-02-08,4868.0,1413.0,152.61
2022-02-09,4849.0,1413.0,152.61
2022-02-10,4865.0,1413.0,152.61
2022-02-11,4848.0,1413.0,152.61
2022-02-12,4934.0,1413.0,152.61
2022-02-15,5012.0,1413.0,152.61
2022-02-16,4948.0,1413.0,152.61
2022-02-17,4947.0,1413.0,152.61
2022-02-18,4938.0,1413.0,152.61
2022-02-19,4928.0,1413.0,152.61
2022-02-22,4924.0,1413.0,152.61
2022-02-23,4970.0,1413.0,152.61
2022-02-24,4991.0,1413.0,152.61
2022-02-25,5172.0,1413.0,152.61
2022-02-26,5239.0,1413.0,152.61
2022-03-01,5284.0,1413.0,152.61
2022-03-02,5477.0,1413.0,152.61
2022-03-03,5675.0,1413.0,152.61
2022-03-04,5825.0,1413.0,152.61
2022-03-05,6074.0,1413.0,152.61
2022-03-08,6541.0,1413.0,152.61
2022-03-09,6624.0,1413.0,152.61
2022-03-10,6469.0,1413.0,152.61
2022-03-11,6305.0,1413.0,152.61
2022-03-12,6215.0,1413.0,152.61
2022-03-15,6038.0,1413.0,152.61
2022-03-16,5812.0,1413.0,152.61
2022-03-17,5652.0,1413.0,152.61
2022-03-18,5652.0,1413.0,152.61
2022-03-19,5706.0,1413.0,152.61
2022-03-22,5913.0,1413.0,152.61
2022-03-23,5944.0,1413.0,152.61
2022-03-24,6115.0,1413.0,152.61
2022-03-25,6145.0,1413.0,152.61
2022-03-26,6212.0,1413.0,152.61
2022-03-29,6117.0,1413.0,152.61
2022-03-30,6062.0,1413.0,152.61
2022-03-31,6023.0,1413.0,152.61
2022-04-01,5965.0,1413.0,152.61
2022-04-02,5882.0,1413.0,152.61
2022-04-05,5840.0,1413.0,152.61
2022-04-06,5820.0,1413.0,152.61
2022-04-07,5787.0,1413.0,152.61
2022-04-08,5743.0,1413.0,152.61
2022-04-09,5722.0,1413.0,152.61
2022-04-12,5677.0,1413.0,152.61
2022-04-13,5796.0,1413.0,152.61
2022-04-14,5874.0,1413.0,152.61
2022-04-15,5851.0,1413.0,152.61
2022-04-19,5862.0,1413.0,152.61
2022-04-20,5862.0,1413.0,152.61
